/*
 * Generated by compiler/build_project.py - do not edit.
 * Project: My Game TEST 2
 */

#include "scene.h"
#include "script.h"
#include "scenes_data.h"
#include "input.h"
#include "soundbank.h"

/* NPC sprite: cop_3 */
static const uint8_t npc_sprite_cop_3_tiles[128] __attribute__((aligned(4))) =
{
    0x00, 0x00, 0x00, 0x00, 0x00, 0x00, 0x00, 0x00, 0x00, 0x00, 0x00, 0x00, 0x00, 0x00, 0x00, 0x00,
    0x00, 0x00, 0x00, 0x00, 0x00, 0x00, 0x00, 0x00, 0x00, 0x00, 0x00, 0x00, 0x00, 0x00, 0x00, 0x00,
    0x00, 0x00, 0x00, 0x00, 0x00, 0x00, 0x00, 0x00, 0x00, 0x00, 0x00, 0x00, 0x00, 0x00, 0x00, 0x00,
    0x00, 0x00, 0x00, 0x00, 0x00, 0x00, 0x00, 0x00, 0x00, 0x00, 0x00, 0x00, 0x00, 0x00, 0x00, 0x00,
    0x00, 0x00, 0x00, 0x00, 0x00, 0x00, 0x00, 0x00, 0x00, 0x00, 0x00, 0x00, 0x00, 0x00, 0x00, 0x00,
    0x00, 0x00, 0x00, 0x00, 0x00, 0x00, 0x00, 0x00, 0x00, 0x00, 0x00, 0x00, 0x00, 0x00, 0x00, 0x00,
    0x00, 0x00, 0x00, 0x00, 0x00, 0x00, 0x00, 0x00, 0x00, 0x00, 0x00, 0x00, 0x00, 0x00, 0x00, 0x00,
    0x00, 0x00, 0x00, 0x00, 0x00, 0x00, 0x00, 0x00, 0x00, 0x00, 0x00, 0x00, 0x00, 0x00, 0x00, 0x00,
};

static const uint16_t npc_sprite_cop_3_palette[16] __attribute__((aligned(4))) =
{
    0x0000, 0x30E8, 0x5D4D, 0x0000, 0x277F, 0x4AFE, 0x12BA, 0x3A5B,
    0x210F, 0x18C9, 0x7634, 0x7FFF, 0x0000, 0x0000, 0x0000, 0x0000,
};

static const uint8_t npc_sprite_cop_3_state0_frames[1] __attribute__((aligned(4))) =
{
    0,
};

static const uint8_t npc_sprite_cop_3_state1_frames[1] __attribute__((aligned(4))) =
{
    1,
};

static const uint8_t npc_sprite_cop_3_state2_frames[1] __attribute__((aligned(4))) =
{
    2,
};

static const uint8_t npc_sprite_cop_3_state3_frames[1] __attribute__((aligned(4))) =
{
    3,
};

static const uint8_t npc_sprite_cop_3_state4_frames[2] __attribute__((aligned(4))) =
{
    4, 5,
};

static const uint8_t npc_sprite_cop_3_state5_frames[2] __attribute__((aligned(4))) =
{
    6, 7,
};

static const uint8_t npc_sprite_cop_3_state6_frames[2] __attribute__((aligned(4))) =
{
    8, 9,
};

static const uint8_t npc_sprite_cop_3_state7_frames[2] __attribute__((aligned(4))) =
{
    10, 11,
};

static const EntityAnimState npc_sprite_cop_3_states[8] =
{
    { npc_sprite_cop_3_state0_frames, 1, 8 },
    { npc_sprite_cop_3_state1_frames, 1, 8 },
    { npc_sprite_cop_3_state2_frames, 1, 8 },
    { npc_sprite_cop_3_state3_frames, 1, 8 },
    { npc_sprite_cop_3_state4_frames, 2, 8 },
    { npc_sprite_cop_3_state5_frames, 2, 8 },
    { npc_sprite_cop_3_state6_frames, 2, 8 },
    { npc_sprite_cop_3_state7_frames, 2, 8 },
};

static const ASpriteSubTile npc_sprite_cop_3_multi0_tiles[6] =
{
    /* dx, dy, tile_offset (8x8 VRAM tiles), flip_h, flip_v, palette_bank, priority, tall */
    { 8, 8, 0, 0, 0, 1, 0, 0 },
    { 8, 0, 1, 0, 0, 1, 0, 0 },
    { 8, -8, 2, 0, 0, 1, 0, 0 },
    { 0, 8, 3, 0, 0, 1, 0, 0 },
    { 0, 0, 4, 0, 0, 1, 0, 0 },
    { 0, -8, 5, 0, 0, 1, 0, 0 },
};

static const uint8_t npc_sprite_cop_3_multi0_data[192] __attribute__((aligned(4))) =
{
    0x18, 0x00, 0x00, 0x00, 0x11, 0x00, 0x00, 0x00, 0x1A, 0x00, 0x00, 0x00, 0x32, 0x00, 0x00, 0x00,
    0x03, 0x00, 0x00, 0x00, 0x03, 0x00, 0x00, 0x00, 0x03, 0x00, 0x00, 0x00, 0x00, 0x00, 0x00, 0x00,
    0x11, 0x31, 0x00, 0x00, 0x11, 0x34, 0x00, 0x00, 0x11, 0x36, 0x03, 0x00, 0x33, 0x33, 0x03, 0x00,
    0x33, 0x33, 0x00, 0x00, 0x53, 0x35, 0x00, 0x00, 0x78, 0x08, 0x00, 0x00, 0x87, 0x00, 0x00, 0x00,
    0x00, 0x00, 0x00, 0x00, 0x00, 0x00, 0x00, 0x00, 0x00, 0x00, 0x00, 0x00, 0x00, 0x00, 0x00, 0x00,
    0x11, 0x01, 0x00, 0x00, 0x22, 0x11, 0x00, 0x00, 0x22, 0x12, 0x00, 0x00, 0x22, 0x31, 0x00, 0x00,
    0x00, 0x10, 0x36, 0x83, 0x00, 0x63, 0x23, 0x62, 0x00, 0x63, 0x23, 0x32, 0x00, 0x63, 0x13, 0x31,
    0x00, 0x30, 0xB3, 0x3B, 0x00, 0x30, 0x32, 0x23, 0x00, 0x00, 0x83, 0x88, 0x00, 0x00, 0x30, 0x33,
    0x21, 0x22, 0x22, 0x22, 0x21, 0x22, 0x12, 0x11, 0x13, 0x11, 0x11, 0x11, 0x30, 0x11, 0x11, 0x11,
    0x30, 0x33, 0x33, 0x33, 0x00, 0x73, 0x95, 0x77, 0x00, 0x73, 0x77, 0x55, 0x00, 0x30, 0x79, 0x77,
    0x00, 0x00, 0x00, 0x00, 0x00, 0x00, 0x00, 0x00, 0x00, 0x00, 0x00, 0x00, 0x00, 0x00, 0x00, 0x00,
    0x00, 0x00, 0x00, 0x11, 0x00, 0x00, 0x11, 0x22, 0x00, 0x11, 0x22, 0x22, 0x10, 0x22, 0x22, 0x22,
};

static const ASpriteSubTile npc_sprite_cop_3_multi1_tiles[6] =
{
    /* dx, dy, tile_offset (8x8 VRAM tiles), flip_h, flip_v, palette_bank, priority, tall */
    { 0, 8, 0, 1, 0, 1, 0, 0 },
    { 0, 0, 1, 1, 0, 1, 0, 0 },
    { 0, -8, 2, 1, 0, 1, 0, 0 },
    { 8, 8, 3, 1, 0, 1, 0, 0 },
    { 8, 0, 4, 1, 0, 1, 0, 0 },
    { 8, -8, 5, 1, 0, 1, 0, 0 },
};

static const uint8_t npc_sprite_cop_3_multi1_data[192] __attribute__((aligned(4))) =
{
    0x18, 0x00, 0x00, 0x00, 0x11, 0x00, 0x00, 0x00, 0x1A, 0x00, 0x00, 0x00, 0x32, 0x00, 0x00, 0x00,
    0x03, 0x00, 0x00, 0x00, 0x03, 0x00, 0x00, 0x00, 0x03, 0x00, 0x00, 0x00, 0x00, 0x00, 0x00, 0x00,
    0x11, 0x31, 0x00, 0x00, 0x11, 0x34, 0x00, 0x00, 0x11, 0x36, 0x03, 0x00, 0x33, 0x33, 0x03, 0x00,
    0x33, 0x33, 0x00, 0x00, 0x53, 0x35, 0x00, 0x00, 0x78, 0x08, 0x00, 0x00, 0x87, 0x00, 0x00, 0x00,
    0x00, 0x00, 0x00, 0x00, 0x00, 0x00, 0x00, 0x00, 0x00, 0x00, 0x00, 0x00, 0x00, 0x00, 0x00, 0x00,
    0x11, 0x01, 0x00, 0x00, 0x22, 0x11, 0x00, 0x00, 0x22, 0x12, 0x00, 0x00, 0x22, 0x31, 0x00, 0x00,
    0x00, 0x10, 0x36, 0x83, 0x00, 0x63, 0x23, 0x62, 0x00, 0x63, 0x23, 0x32, 0x00, 0x63, 0x13, 0x31,
    0x00, 0x30, 0xB3, 0x3B, 0x00, 0x30, 0x32, 0x23, 0x00, 0x00, 0x83, 0x88, 0x00, 0x00, 0x30, 0x33,
    0x21, 0x22, 0x22, 0x22, 0x21, 0x22, 0x12, 0x11, 0x13, 0x11, 0x11, 0x11, 0x30, 0x11, 0x11, 0x11,
    0x30, 0x33, 0x33, 0x33, 0x00, 0x73, 0x95, 0x77, 0x00, 0x73, 0x77, 0x55, 0x00, 0x30, 0x79, 0x77,
    0x00, 0x00, 0x00, 0x00, 0x00, 0x00, 0x00, 0x00, 0x00, 0x00, 0x00, 0x00, 0x00, 0x00, 0x00, 0x00,
    0x00, 0x00, 0x00, 0x11, 0x00, 0x00, 0x11, 0x22, 0x00, 0x11, 0x22, 0x22, 0x10, 0x22, 0x22, 0x22,
};

static const ASpriteSubTile npc_sprite_cop_3_multi2_tiles[6] =
{
    /* dx, dy, tile_offset (8x8 VRAM tiles), flip_h, flip_v, palette_bank, priority, tall */
    { 8, 8, 0, 0, 0, 1, 0, 0 },
    { 8, 0, 1, 0, 0, 1, 0, 0 },
    { 8, -8, 2, 0, 0, 1, 0, 0 },
    { 0, 8, 3, 0, 0, 1, 0, 0 },
    { 0, 0, 4, 0, 0, 1, 0, 0 },
    { 0, -8, 5, 0, 0, 1, 0, 0 },
};

static const uint8_t npc_sprite_cop_3_multi2_data[192] __attribute__((aligned(4))) =
{
    0x13, 0x26, 0x12, 0x00, 0x11, 0x16, 0x1B, 0x00, 0x12, 0x36, 0x1B, 0x00, 0x22, 0x33, 0x03, 0x00,
    0x33, 0x12, 0x00, 0x00, 0x22, 0x31, 0x00, 0x00, 0x83, 0x38, 0x00, 0x00, 0x30, 0x03, 0x00, 0x00,
    0x22, 0x12, 0x03, 0x00, 0x12, 0x11, 0x03, 0x00, 0x11, 0x31, 0x03, 0x00, 0x11, 0x93, 0x37, 0x00,
    0x33, 0x99, 0x37, 0x00, 0x88, 0x99, 0x03, 0x00, 0x98, 0x39, 0x00, 0x00, 0x39, 0x63, 0x03, 0x00,
    0x00, 0x00, 0x00, 0x00, 0x00, 0x00, 0x00, 0x00, 0x00, 0x00, 0x00, 0x00, 0x00, 0x00, 0x00, 0x00,
    0x11, 0x01, 0x00, 0x00, 0x22, 0x12, 0x00, 0x00, 0x22, 0x22, 0x03, 0x00, 0x22, 0x22, 0x03, 0x00,
    0x21, 0x62, 0x31, 0x33, 0xB1, 0x61, 0x11, 0x11, 0xB1, 0x63, 0x21, 0x22, 0x30, 0x33, 0x22, 0x22,
    0x00, 0x21, 0x33, 0x33, 0x00, 0x13, 0x22, 0x33, 0x00, 0x83, 0x38, 0x00, 0x00, 0x30, 0x03, 0x00,
    0x30, 0x21, 0x22, 0x22, 0x30, 0x11, 0x21, 0x22, 0x30, 0x13, 0x11, 0x11, 0x73, 0x39, 0x11, 0x11,
    0x73, 0x99, 0x33, 0x33, 0x30, 0x99, 0x88, 0x88, 0x00, 0x93, 0x89, 0x88, 0x30, 0x36, 0x93, 0x99,
    0x00, 0x00, 0x00, 0x00, 0x00, 0x00, 0x00, 0x00, 0x00, 0x00, 0x00, 0x00, 0x00, 0x00, 0x00, 0x00,
    0x00, 0x10, 0x11, 0x11, 0x00, 0x21, 0x22, 0x22, 0x30, 0x22, 0x22, 0x22, 0x30, 0x22, 0x22, 0x22,
};

static const ASpriteSubTile npc_sprite_cop_3_multi3_tiles[6] =
{
    /* dx, dy, tile_offset (8x8 VRAM tiles), flip_h, flip_v, palette_bank, priority, tall */
    { 8, 8, 0, 0, 0, 1, 0, 0 },
    { 8, 0, 1, 0, 0, 1, 0, 0 },
    { 8, -8, 2, 0, 0, 1, 0, 0 },
    { 0, 8, 3, 0, 0, 1, 0, 0 },
    { 0, 0, 4, 0, 0, 1, 0, 0 },
    { 0, -8, 5, 0, 0, 1, 0, 0 },
};

static const uint8_t npc_sprite_cop_3_multi3_data[192] __attribute__((aligned(4))) =
{
    0x13, 0x26, 0x12, 0x00, 0x2A, 0x26, 0x1B, 0x00, 0x2B, 0xA1, 0x1B, 0x00, 0x22, 0x33, 0x03, 0x00,
    0x33, 0x12, 0x00, 0x00, 0x22, 0x31, 0x00, 0x00, 0x83, 0x38, 0x00, 0x00, 0x30, 0x03, 0x00, 0x00,
    0x22, 0x12, 0x03, 0x00, 0x11, 0x11, 0x03, 0x00, 0x11, 0x31, 0x35, 0x00, 0x33, 0x83, 0x37, 0x00,
    0x33, 0x87, 0x03, 0x00, 0x53, 0x77, 0x03, 0x00, 0x78, 0x17, 0x00, 0x00, 0x87, 0x63, 0x03, 0x00,
    0x00, 0x00, 0x00, 0x00, 0x00, 0x00, 0x00, 0x00, 0x00, 0x00, 0x00, 0x00, 0x00, 0x00, 0x00, 0x00,
    0x11, 0x01, 0x00, 0x00, 0x22, 0x12, 0x00, 0x00, 0x22, 0x22, 0x03, 0x00, 0x22, 0x22, 0x03, 0x00,
    0x21, 0x62, 0x31, 0x33, 0xB1, 0x62, 0xA2, 0x11, 0xB1, 0x1A, 0xB2, 0x11, 0x30, 0x33, 0x22, 0xAA,
    0x00, 0x21, 0x33, 0x66, 0x00, 0x13, 0x22, 0x33, 0x00, 0x83, 0x38, 0x00, 0x00, 0x30, 0x03, 0x00,
    0x30, 0x21, 0x22, 0x22, 0x30, 0x11, 0x11, 0x11, 0x53, 0x13, 0x11, 0x44, 0x73, 0x38, 0x33, 0x66,
    0x30, 0x78, 0x33, 0x33, 0x30, 0x77, 0x35, 0x55, 0x00, 0x71, 0x87, 0x55, 0x30, 0x36, 0x78, 0x77,
    0x00, 0x00, 0x00, 0x00, 0x00, 0x00, 0x00, 0x00, 0x00, 0x00, 0x00, 0x00, 0x00, 0x00, 0x00, 0x00,
    0x00, 0x10, 0x11, 0x11, 0x00, 0x21, 0x22, 0x22, 0x30, 0x22, 0x22, 0x22, 0x30, 0x22, 0x22, 0x22,
};

static const ASpriteSubTile npc_sprite_cop_3_multi4_tiles[6] =
{
    /* dx, dy, tile_offset (8x8 VRAM tiles), flip_h, flip_v, palette_bank, priority, tall */
    { 8, 8, 0, 0, 0, 1, 0, 0 },
    { 8, 0, 1, 0, 0, 1, 0, 0 },
    { 8, -8, 2, 0, 0, 1, 0, 0 },
    { 0, 8, 3, 0, 0, 1, 0, 0 },
    { 0, 0, 4, 0, 0, 1, 0, 0 },
    { 0, -8, 5, 0, 0, 1, 0, 0 },
};

static const uint8_t npc_sprite_cop_3_multi4_data[192] __attribute__((aligned(4))) =
{
    0x87, 0x00, 0x00, 0x00, 0x18, 0x00, 0x00, 0x00, 0x11, 0x00, 0x00, 0x00, 0x12, 0x00, 0x00, 0x00,
    0x3A, 0x00, 0x00, 0x00, 0x8A, 0x03, 0x00, 0x00, 0x88, 0x03, 0x00, 0x00, 0x33, 0x00, 0x00, 0x00,
    0x22, 0x31, 0x00, 0x00, 0x11, 0x31, 0x00, 0x00, 0x11, 0x34, 0x00, 0x00, 0x11, 0x36, 0x03, 0x00,
    0x33, 0x33, 0x03, 0x00, 0x33, 0x33, 0x00, 0x00, 0x53, 0x35, 0x00, 0x00, 0x78, 0x08, 0x00, 0x00,
    0x00, 0x00, 0x00, 0x00, 0x00, 0x00, 0x00, 0x00, 0x00, 0x00, 0x00, 0x00, 0x00, 0x00, 0x00, 0x00,
    0x00, 0x00, 0x00, 0x00, 0x11, 0x01, 0x00, 0x00, 0x22, 0x11, 0x00, 0x00, 0x22, 0x12, 0x00, 0x00,
    0x00, 0x30, 0x79, 0x77, 0x00, 0x10, 0x36, 0x83, 0x00, 0x63, 0x23, 0x62, 0x00, 0x13, 0xAB, 0x32,
    0x30, 0x13, 0xBB, 0xA1, 0x30, 0x33, 0x11, 0xA2, 0x00, 0x33, 0x33, 0x83, 0x00, 0x00, 0x00, 0x30,
    0x10, 0x22, 0x22, 0x22, 0x21, 0x22, 0x22, 0x22, 0x21, 0x22, 0x12, 0x11, 0x13, 0x11, 0x11, 0x11,
    0x30, 0x11, 0x11, 0x11, 0x30, 0x33, 0x33, 0x33, 0x00, 0x73, 0x95, 0x77, 0x00, 0x73, 0x77, 0x55,
    0x00, 0x00, 0x00, 0x00, 0x00, 0x00, 0x00, 0x00, 0x00, 0x00, 0x00, 0x00, 0x00, 0x00, 0x00, 0x00,
    0x00, 0x00, 0x00, 0x00, 0x00, 0x00, 0x00, 0x11, 0x00, 0x00, 0x11, 0x22, 0x00, 0x11, 0x22, 0x22,
};

static const ASpriteSubTile npc_sprite_cop_3_multi5_tiles[6] =
{
    /* dx, dy, tile_offset (8x8 VRAM tiles), flip_h, flip_v, palette_bank, priority, tall */
    { 8, 8, 0, 0, 0, 1, 0, 0 },
    { 8, 0, 1, 0, 0, 1, 0, 0 },
    { 8, -8, 2, 0, 0, 1, 0, 0 },
    { 0, 8, 3, 0, 0, 1, 0, 0 },
    { 0, 0, 4, 0, 0, 1, 0, 0 },
    { 0, -8, 5, 0, 0, 1, 0, 0 },
};

static const uint8_t npc_sprite_cop_3_multi5_data[192] __attribute__((aligned(4))) =
{
    0x87, 0x00, 0x00, 0x00, 0x18, 0x00, 0x00, 0x00, 0x11, 0x00, 0x00, 0x00, 0x1B, 0x00, 0x00, 0x00,
    0x3A, 0x00, 0x00, 0x00, 0x33, 0x00, 0x00, 0x00, 0x03, 0x00, 0x00, 0x00, 0x00, 0x00, 0x00, 0x00,
    0x22, 0x31, 0x00, 0x00, 0x11, 0x31, 0x00, 0x00, 0x11, 0x34, 0x00, 0x00, 0x11, 0x36, 0x03, 0x00,
    0x33, 0x33, 0x03, 0x00, 0x33, 0x33, 0x00, 0x00, 0x53, 0x35, 0x00, 0x00, 0x78, 0x08, 0x00, 0x00,
    0x00, 0x00, 0x00, 0x00, 0x00, 0x00, 0x00, 0x00, 0x00, 0x00, 0x00, 0x00, 0x00, 0x00, 0x00, 0x00,
    0x00, 0x00, 0x00, 0x00, 0x11, 0x01, 0x00, 0x00, 0x22, 0x11, 0x00, 0x00, 0x22, 0x12, 0x00, 0x00,
    0x00, 0x30, 0x79, 0x77, 0x00, 0x10, 0x36, 0x83, 0x00, 0x63, 0x23, 0x62, 0x00, 0x63, 0x23, 0xB2,
    0x00, 0x63, 0x13, 0xA1, 0x30, 0x38, 0x33, 0x33, 0x30, 0x88, 0x38, 0x33, 0x00, 0x33, 0x03, 0x00,
    0x10, 0x22, 0x22, 0x22, 0x21, 0x22, 0x22, 0x22, 0x21, 0x22, 0x12, 0x11, 0x13, 0x11, 0x11, 0x11,
    0x30, 0x11, 0x11, 0x11, 0x30, 0x33, 0x33, 0x33, 0x00, 0x73, 0x95, 0x77, 0x00, 0x73, 0x77, 0x55,
    0x00, 0x00, 0x00, 0x00, 0x00, 0x00, 0x00, 0x00, 0x00, 0x00, 0x00, 0x00, 0x00, 0x00, 0x00, 0x00,
    0x00, 0x00, 0x00, 0x00, 0x00, 0x00, 0x00, 0x11, 0x00, 0x00, 0x11, 0x22, 0x00, 0x11, 0x22, 0x22,
};

static const ASpriteSubTile npc_sprite_cop_3_multi6_tiles[6] =
{
    /* dx, dy, tile_offset (8x8 VRAM tiles), flip_h, flip_v, palette_bank, priority, tall */
    { 0, 8, 0, 1, 0, 1, 0, 0 },
    { 0, 0, 1, 1, 0, 1, 0, 0 },
    { 0, -8, 2, 1, 0, 1, 0, 0 },
    { 8, 8, 3, 1, 0, 1, 0, 0 },
    { 8, 0, 4, 1, 0, 1, 0, 0 },
    { 8, -8, 5, 1, 0, 1, 0, 0 },
};

static const uint8_t npc_sprite_cop_3_multi6_data[192] __attribute__((aligned(4))) =
{
    0x87, 0x00, 0x00, 0x00, 0x18, 0x00, 0x00, 0x00, 0x11, 0x00, 0x00, 0x00, 0x12, 0x00, 0x00, 0x00,
    0x3A, 0x00, 0x00, 0x00, 0x8A, 0x03, 0x00, 0x00, 0x88, 0x03, 0x00, 0x00, 0x33, 0x00, 0x00, 0x00,
    0x22, 0x31, 0x00, 0x00, 0x11, 0x31, 0x00, 0x00, 0x11, 0x34, 0x00, 0x00, 0x11, 0x36, 0x03, 0x00,
    0x33, 0x33, 0x03, 0x00, 0x33, 0x33, 0x00, 0x00, 0x53, 0x35, 0x00, 0x00, 0x78, 0x08, 0x00, 0x00,
    0x00, 0x00, 0x00, 0x00, 0x00, 0x00, 0x00, 0x00, 0x00, 0x00, 0x00, 0x00, 0x00, 0x00, 0x00, 0x00,
    0x00, 0x00, 0x00, 0x00, 0x11, 0x01, 0x00, 0x00, 0x22, 0x11, 0x00, 0x00, 0x22, 0x12, 0x00, 0x00,
    0x00, 0x30, 0x79, 0x77, 0x00, 0x10, 0x36, 0x83, 0x00, 0x63, 0x23, 0x62, 0x00, 0x13, 0xAB, 0x32,
    0x30, 0x13, 0xBB, 0xA1, 0x30, 0x33, 0x11, 0xA2, 0x00, 0x33, 0x33, 0x83, 0x00, 0x00, 0x00, 0x30,
    0x10, 0x22, 0x22, 0x22, 0x21, 0x22, 0x22, 0x22, 0x21, 0x22, 0x12, 0x11, 0x13, 0x11, 0x11, 0x11,
    0x30, 0x11, 0x11, 0x11, 0x30, 0x33, 0x33, 0x33, 0x00, 0x73, 0x95, 0x77, 0x00, 0x73, 0x77, 0x55,
    0x00, 0x00, 0x00, 0x00, 0x00, 0x00, 0x00, 0x00, 0x00, 0x00, 0x00, 0x00, 0x00, 0x00, 0x00, 0x00,
    0x00, 0x00, 0x00, 0x00, 0x00, 0x00, 0x00, 0x11, 0x00, 0x00, 0x11, 0x22, 0x00, 0x11, 0x22, 0x22,
};

static const ASpriteSubTile npc_sprite_cop_3_multi7_tiles[6] =
{
    /* dx, dy, tile_offset (8x8 VRAM tiles), flip_h, flip_v, palette_bank, priority, tall */
    { 0, 8, 0, 1, 0, 1, 0, 0 },
    { 0, 0, 1, 1, 0, 1, 0, 0 },
    { 0, -8, 2, 1, 0, 1, 0, 0 },
    { 8, 8, 3, 1, 0, 1, 0, 0 },
    { 8, 0, 4, 1, 0, 1, 0, 0 },
    { 8, -8, 5, 1, 0, 1, 0, 0 },
};

static const uint8_t npc_sprite_cop_3_multi7_data[192] __attribute__((aligned(4))) =
{
    0x87, 0x00, 0x00, 0x00, 0x18, 0x00, 0x00, 0x00, 0x11, 0x00, 0x00, 0x00, 0x1B, 0x00, 0x00, 0x00,
    0x3A, 0x00, 0x00, 0x00, 0x33, 0x00, 0x00, 0x00, 0x03, 0x00, 0x00, 0x00, 0x00, 0x00, 0x00, 0x00,
    0x22, 0x31, 0x00, 0x00, 0x11, 0x31, 0x00, 0x00, 0x11, 0x34, 0x00, 0x00, 0x11, 0x36, 0x03, 0x00,
    0x33, 0x33, 0x03, 0x00, 0x33, 0x33, 0x00, 0x00, 0x53, 0x35, 0x00, 0x00, 0x78, 0x08, 0x00, 0x00,
    0x00, 0x00, 0x00, 0x00, 0x00, 0x00, 0x00, 0x00, 0x00, 0x00, 0x00, 0x00, 0x00, 0x00, 0x00, 0x00,
    0x00, 0x00, 0x00, 0x00, 0x11, 0x01, 0x00, 0x00, 0x22, 0x11, 0x00, 0x00, 0x22, 0x12, 0x00, 0x00,
    0x00, 0x30, 0x79, 0x77, 0x00, 0x10, 0x36, 0x83, 0x00, 0x63, 0x23, 0x62, 0x00, 0x63, 0x23, 0xB2,
    0x00, 0x63, 0x13, 0xA1, 0x30, 0x38, 0x33, 0x33, 0x30, 0x88, 0x38, 0x33, 0x00, 0x33, 0x03, 0x00,
    0x10, 0x22, 0x22, 0x22, 0x21, 0x22, 0x22, 0x22, 0x21, 0x22, 0x12, 0x11, 0x13, 0x11, 0x11, 0x11,
    0x30, 0x11, 0x11, 0x11, 0x30, 0x33, 0x33, 0x33, 0x00, 0x73, 0x95, 0x77, 0x00, 0x73, 0x77, 0x55,
    0x00, 0x00, 0x00, 0x00, 0x00, 0x00, 0x00, 0x00, 0x00, 0x00, 0x00, 0x00, 0x00, 0x00, 0x00, 0x00,
    0x00, 0x00, 0x00, 0x00, 0x00, 0x00, 0x00, 0x11, 0x00, 0x00, 0x11, 0x22, 0x00, 0x11, 0x22, 0x22,
};

static const ASpriteSubTile npc_sprite_cop_3_multi8_tiles[6] =
{
    /* dx, dy, tile_offset (8x8 VRAM tiles), flip_h, flip_v, palette_bank, priority, tall */
    { 8, 8, 0, 0, 0, 1, 0, 0 },
    { 8, 0, 1, 0, 0, 1, 0, 0 },
    { 8, -8, 2, 0, 0, 1, 0, 0 },
    { 0, 8, 3, 0, 0, 1, 0, 0 },
    { 0, 0, 4, 0, 0, 1, 0, 0 },
    { 0, -8, 5, 0, 0, 1, 0, 0 },
};

static const uint8_t npc_sprite_cop_3_multi8_data[192] __attribute__((aligned(4))) =
{
    0x13, 0x26, 0x03, 0x00, 0x11, 0x26, 0x12, 0x00, 0x12, 0x26, 0x1B, 0x00, 0x22, 0x33, 0x1B, 0x00,
    0x33, 0x33, 0x01, 0x00, 0x31, 0x03, 0x00, 0x00, 0x03, 0x00, 0x00, 0x00, 0x00, 0x00, 0x00, 0x00,
    0x22, 0x12, 0x03, 0x00, 0x12, 0x11, 0x03, 0x00, 0x11, 0x31, 0x03, 0x00, 0x11, 0x93, 0x37, 0x00,
    0x33, 0x99, 0x37, 0x00, 0x88, 0x99, 0x03, 0x00, 0x98, 0x39, 0x00, 0x00, 0x39, 0x33, 0x00, 0x00,
    0x00, 0x00, 0x00, 0x00, 0x00, 0x00, 0x00, 0x00, 0x00, 0x00, 0x00, 0x00, 0x00, 0x00, 0x00, 0x00,
    0x11, 0x01, 0x00, 0x00, 0x22, 0x12, 0x00, 0x00, 0x22, 0x22, 0x03, 0x00, 0x22, 0x22, 0x03, 0x00,
    0x30, 0x62, 0x31, 0x33, 0x30, 0x62, 0x11, 0x11, 0x00, 0x63, 0x21, 0x22, 0x00, 0x33, 0x22, 0x22,
    0x00, 0x21, 0x33, 0x33, 0x00, 0x13, 0x22, 0x22, 0x00, 0x83, 0x88, 0x33, 0x00, 0x30, 0x33, 0x00,
    0x30, 0x21, 0x22, 0x22, 0x30, 0x11, 0x21, 0x22, 0x30, 0x13, 0x11, 0x11, 0x73, 0x39, 0x11, 0x11,
    0x73, 0x99, 0x33, 0x33, 0x30, 0x99, 0x88, 0x88, 0xA1, 0x93, 0x89, 0x88, 0xA1, 0x32, 0x93, 0x99,
    0x00, 0x00, 0x00, 0x00, 0x00, 0x00, 0x00, 0x00, 0x00, 0x00, 0x00, 0x00, 0x00, 0x00, 0x00, 0x00,
    0x00, 0x10, 0x11, 0x11, 0x00, 0x21, 0x22, 0x22, 0x30, 0x22, 0x22, 0x22, 0x30, 0x22, 0x22, 0x22,
};

static const ASpriteSubTile npc_sprite_cop_3_multi9_tiles[6] =
{
    /* dx, dy, tile_offset (8x8 VRAM tiles), flip_h, flip_v, palette_bank, priority, tall */
    { 8, 8, 0, 0, 0, 1, 0, 0 },
    { 8, 0, 1, 0, 0, 1, 0, 0 },
    { 8, -8, 2, 0, 0, 1, 0, 0 },
    { 0, 8, 3, 0, 0, 1, 0, 0 },
    { 0, 0, 4, 0, 0, 1, 0, 0 },
    { 0, -8, 5, 0, 0, 1, 0, 0 },
};

static const uint8_t npc_sprite_cop_3_multi9_data[192] __attribute__((aligned(4))) =
{
    0x13, 0x26, 0x03, 0x00, 0x11, 0x26, 0x03, 0x00, 0x12, 0x36, 0x00, 0x00, 0x22, 0x33, 0x00, 0x00,
    0x33, 0x12, 0x00, 0x00, 0x22, 0x31, 0x00, 0x00, 0x88, 0x38, 0x00, 0x00, 0x33, 0x03, 0x00, 0x00,
    0x22, 0x12, 0x03, 0x00, 0x12, 0x11, 0x03, 0x00, 0x11, 0x31, 0x03, 0x00, 0x11, 0x93, 0x37, 0x00,
    0x33, 0x99, 0x37, 0x00, 0x88, 0x99, 0x03, 0x00, 0x98, 0x39, 0x1A, 0x00, 0x39, 0x23, 0x1A, 0x00,
    0x00, 0x00, 0x00, 0x00, 0x00, 0x00, 0x00, 0x00, 0x00, 0x00, 0x00, 0x00, 0x00, 0x00, 0x00, 0x00,
    0x11, 0x01, 0x00, 0x00, 0x22, 0x12, 0x00, 0x00, 0x22, 0x22, 0x03, 0x00, 0x22, 0x22, 0x03, 0x00,
    0x30, 0x62, 0x31, 0x33, 0x21, 0x62, 0x11, 0x11, 0xB1, 0x62, 0x21, 0x22, 0xB1, 0x33, 0x22, 0x22,
    0x10, 0x33, 0x33, 0x33, 0x00, 0x30, 0x13, 0x22, 0x00, 0x00, 0x30, 0x33, 0x00, 0x00, 0x00, 0x00,
    0x30, 0x21, 0x22, 0x22, 0x30, 0x11, 0x21, 0x22, 0x30, 0x13, 0x11, 0x11, 0x73, 0x39, 0x11, 0x11,
    0x73, 0x99, 0x33, 0x33, 0x30, 0x99, 0x88, 0x88, 0x00, 0x93, 0x89, 0x88, 0x00, 0x33, 0x93, 0x99,
    0x00, 0x00, 0x00, 0x00, 0x00, 0x00, 0x00, 0x00, 0x00, 0x00, 0x00, 0x00, 0x00, 0x00, 0x00, 0x00,
    0x00, 0x10, 0x11, 0x11, 0x00, 0x21, 0x22, 0x22, 0x30, 0x22, 0x22, 0x22, 0x30, 0x22, 0x22, 0x22,
};

static const ASpriteSubTile npc_sprite_cop_3_multi10_tiles[6] =
{
    /* dx, dy, tile_offset (8x8 VRAM tiles), flip_h, flip_v, palette_bank, priority, tall */
    { 8, 8, 0, 0, 0, 1, 0, 0 },
    { 8, 0, 1, 0, 0, 1, 0, 0 },
    { 8, -8, 2, 0, 0, 1, 0, 0 },
    { 0, 8, 3, 0, 0, 1, 0, 0 },
    { 0, 0, 4, 0, 0, 1, 0, 0 },
    { 0, -8, 5, 0, 0, 1, 0, 0 },
};

static const uint8_t npc_sprite_cop_3_multi10_data[192] __attribute__((aligned(4))) =
{
    0x87, 0x13, 0x00, 0x00, 0x13, 0x22, 0x03, 0x00, 0x6A, 0x22, 0x03, 0x00, 0x1B, 0xBB, 0x01, 0x00,
    0x12, 0xAA, 0x01, 0x00, 0x33, 0x33, 0x00, 0x00, 0x33, 0x00, 0x00, 0x00, 0x00, 0x00, 0x00, 0x00,
    0x22, 0x22, 0x03, 0x00, 0x22, 0x12, 0x03, 0x00, 0x11, 0x11, 0x03, 0x00, 0x11, 0x31, 0x35, 0x00,
    0x33, 0x83, 0x37, 0x00, 0x33, 0x87, 0x03, 0x00, 0x53, 0x77, 0x03, 0x00, 0x78, 0x17, 0x00, 0x00,
    0x00, 0x00, 0x00, 0x00, 0x00, 0x00, 0x00, 0x00, 0x00, 0x00, 0x00, 0x00, 0x00, 0x00, 0x00, 0x00,
    0x00, 0x00, 0x00, 0x00, 0x11, 0x01, 0x00, 0x00, 0x22, 0x12, 0x00, 0x00, 0x22, 0x22, 0x03, 0x00,
    0x2A, 0x32, 0x78, 0x77, 0x2A, 0x62, 0x31, 0x33, 0x33, 0x62, 0xA2, 0x11, 0x00, 0x13, 0xB2, 0x11,
    0x00, 0x33, 0x22, 0xAA, 0x00, 0x21, 0x33, 0x66, 0x00, 0x13, 0x22, 0x31, 0x00, 0x83, 0x88, 0x33,
    0x30, 0x22, 0x22, 0x22, 0x30, 0x21, 0x22, 0x22, 0x30, 0x11, 0x11, 0x11, 0x53, 0x13, 0x11, 0x44,
    0x73, 0x38, 0x33, 0x66, 0x30, 0x78, 0x33, 0x33, 0x30, 0x77, 0x35, 0x55, 0x11, 0x71, 0x87, 0x55,
    0x00, 0x00, 0x00, 0x00, 0x00, 0x00, 0x00, 0x00, 0x00, 0x00, 0x00, 0x00, 0x00, 0x00, 0x00, 0x00,
    0x00, 0x00, 0x00, 0x00, 0x00, 0x10, 0x11, 0x11, 0x00, 0x21, 0x22, 0x22, 0x30, 0x22, 0x22, 0x22,
};

static const ASpriteSubTile npc_sprite_cop_3_multi11_tiles[6] =
{
    /* dx, dy, tile_offset (8x8 VRAM tiles), flip_h, flip_v, palette_bank, priority, tall */
    { 8, 8, 0, 0, 0, 1, 0, 0 },
    { 8, 0, 1, 0, 0, 1, 0, 0 },
    { 8, -8, 2, 0, 0, 1, 0, 0 },
    { 0, 8, 3, 0, 0, 1, 0, 0 },
    { 0, 0, 4, 0, 0, 1, 0, 0 },
    { 0, -8, 5, 0, 0, 1, 0, 0 },
};

static const uint8_t npc_sprite_cop_3_multi11_data[192] __attribute__((aligned(4))) =
{
    0x13, 0x26, 0xA2, 0x01, 0x2A, 0x26, 0x33, 0x00, 0x2B, 0x31, 0x00, 0x00, 0x22, 0x33, 0x00, 0x00,
    0x33, 0x12, 0x00, 0x00, 0x22, 0x31, 0x00, 0x00, 0x88, 0x38, 0x00, 0x00, 0x33, 0x03, 0x00, 0x00,
    0x22, 0x12, 0x03, 0x00, 0x11, 0x11, 0x03, 0x00, 0x11, 0x31, 0x35, 0x00, 0x33, 0x83, 0x37, 0x00,
    0x33, 0x87, 0x03, 0x00, 0x53, 0x77, 0x03, 0x00, 0x78, 0x17, 0x11, 0x00, 0x87, 0x23, 0xA2, 0x01,
    0x00, 0x00, 0x00, 0x00, 0x00, 0x00, 0x00, 0x00, 0x00, 0x00, 0x00, 0x00, 0x00, 0x00, 0x00, 0x00,
    0x11, 0x01, 0x00, 0x00, 0x22, 0x12, 0x00, 0x00, 0x22, 0x22, 0x03, 0x00, 0x22, 0x22, 0x03, 0x00,
    0x30, 0x22, 0x31, 0x33, 0x30, 0x22, 0xA6, 0x11, 0x10, 0xBB, 0xB1, 0x11, 0x10, 0xAA, 0x21, 0xAA,
    0x00, 0x33, 0x33, 0x66, 0x00, 0x00, 0x33, 0x13, 0x00, 0x00, 0x00, 0x33, 0x00, 0x00, 0x00, 0x00,
    0x30, 0x21, 0x22, 0x22, 0x30, 0x11, 0x11, 0x11, 0x53, 0x13, 0x11, 0x44, 0x73, 0x38, 0x33, 0x66,
    0x30, 0x78, 0x33, 0x33, 0x30, 0x77, 0x35, 0x55, 0x00, 0x71, 0x87, 0x55, 0x00, 0x31, 0x78, 0x77,
    0x00, 0x00, 0x00, 0x00, 0x00, 0x00, 0x00, 0x00, 0x00, 0x00, 0x00, 0x00, 0x00, 0x00, 0x00, 0x00,
    0x00, 0x10, 0x11, 0x11, 0x00, 0x21, 0x22, 0x22, 0x30, 0x22, 0x22, 0x22, 0x30, 0x22, 0x22, 0x22,
};

static const ASpriteMultiFrame npc_sprite_cop_3_multi_frames[12] =
{
    { npc_sprite_cop_3_multi0_tiles, 6, npc_sprite_cop_3_multi0_data, 6 },
    { npc_sprite_cop_3_multi1_tiles, 6, npc_sprite_cop_3_multi1_data, 6 },
    { npc_sprite_cop_3_multi2_tiles, 6, npc_sprite_cop_3_multi2_data, 6 },
    { npc_sprite_cop_3_multi3_tiles, 6, npc_sprite_cop_3_multi3_data, 6 },
    { npc_sprite_cop_3_multi4_tiles, 6, npc_sprite_cop_3_multi4_data, 6 },
    { npc_sprite_cop_3_multi5_tiles, 6, npc_sprite_cop_3_multi5_data, 6 },
    { npc_sprite_cop_3_multi6_tiles, 6, npc_sprite_cop_3_multi6_data, 6 },
    { npc_sprite_cop_3_multi7_tiles, 6, npc_sprite_cop_3_multi7_data, 6 },
    { npc_sprite_cop_3_multi8_tiles, 6, npc_sprite_cop_3_multi8_data, 6 },
    { npc_sprite_cop_3_multi9_tiles, 6, npc_sprite_cop_3_multi9_data, 6 },
    { npc_sprite_cop_3_multi10_tiles, 6, npc_sprite_cop_3_multi10_data, 6 },
    { npc_sprite_cop_3_multi11_tiles, 6, npc_sprite_cop_3_multi11_data, 6 },
};

/* idle: down, up, right, left; moving: down, up, right, left (255 = keep current state) */
static const uint8_t npc_sprite_cop_3_anim_map[8] __attribute__((aligned(4))) =
{
    3, 2, 0, 1, 7, 6, 4, 5,
};

static const ASpriteSubTile npc_sprite_player_multi0_tiles[2] =
{
    /* dx, dy, tile_offset (8x8 VRAM tiles), flip_h, flip_v, palette_bank, priority, tall */
    { 8, 0, 0, 0, 0, 0, 0, 1 },
    { 0, 0, 2, 0, 0, 0, 0, 1 },
};

static const uint8_t npc_sprite_player_multi0_data[128] __attribute__((aligned(4))) =
{
    0x00, 0x00, 0x00, 0x00, 0x11, 0x11, 0x00, 0x00, 0x22, 0x33, 0x01, 0x00, 0x22, 0x22, 0x13, 0x00,
    0x32, 0x21, 0x22, 0x01, 0x13, 0x12, 0x22, 0x01, 0x21, 0x23, 0x11, 0x00, 0x22, 0x33, 0x01, 0x00,
    0x33, 0x31, 0x01, 0x00, 0x33, 0x31, 0x13, 0x00, 0x33, 0x33, 0x01, 0x00, 0x11, 0x11, 0x00, 0x00,
    0x22, 0x13, 0x00, 0x00, 0x11, 0x31, 0x01, 0x00, 0x10, 0x32, 0x13, 0x00, 0x00, 0x11, 0x01, 0x00,
    0x00, 0x00, 0x00, 0x00, 0x00, 0x00, 0x00, 0x11, 0x00, 0x00, 0x11, 0x22, 0x00, 0x10, 0x32, 0x23,
    0x00, 0x21, 0x23, 0x21, 0x00, 0x21, 0x12, 0x22, 0x00, 0x21, 0x21, 0x32, 0x00, 0x21, 0x12, 0x11,
    0x00, 0x21, 0x22, 0x21, 0x00, 0x31, 0x22, 0x31, 0x00, 0x31, 0x22, 0x11, 0x10, 0x33, 0x13, 0x22,
    0x00, 0x11, 0x21, 0x12, 0x00, 0x10, 0x33, 0x11, 0x00, 0x00, 0x11, 0x11, 0x00, 0x00, 0x10, 0x01,
};

static const ASpriteSubTile npc_sprite_player_multi1_tiles[2] =
{
    /* dx, dy, tile_offset (8x8 VRAM tiles), flip_h, flip_v, palette_bank, priority, tall */
    { 0, 0, 0, 1, 0, 0, 0, 1 },
    { 8, 0, 2, 1, 0, 0, 0, 1 },
};

static const uint8_t npc_sprite_player_multi1_data[128] __attribute__((aligned(4))) =
{
    0x00, 0x00, 0x00, 0x00, 0x11, 0x11, 0x00, 0x00, 0x22, 0x33, 0x01, 0x00, 0x22, 0x22, 0x13, 0x00,
    0x32, 0x21, 0x22, 0x01, 0x13, 0x12, 0x22, 0x01, 0x21, 0x23, 0x11, 0x00, 0x22, 0x33, 0x01, 0x00,
    0x33, 0x31, 0x01, 0x00, 0x33, 0x31, 0x13, 0x00, 0x33, 0x33, 0x01, 0x00, 0x11, 0x11, 0x00, 0x00,
    0x22, 0x13, 0x00, 0x00, 0x11, 0x31, 0x01, 0x00, 0x10, 0x32, 0x13, 0x00, 0x00, 0x11, 0x01, 0x00,
    0x00, 0x00, 0x00, 0x00, 0x00, 0x00, 0x00, 0x11, 0x00, 0x00, 0x11, 0x22, 0x00, 0x10, 0x32, 0x23,
    0x00, 0x21, 0x23, 0x21, 0x00, 0x21, 0x12, 0x22, 0x00, 0x21, 0x21, 0x32, 0x00, 0x21, 0x12, 0x11,
    0x00, 0x21, 0x22, 0x21, 0x00, 0x31, 0x22, 0x31, 0x00, 0x31, 0x22, 0x11, 0x10, 0x33, 0x13, 0x22,
    0x00, 0x11, 0x21, 0x12, 0x00, 0x10, 0x33, 0x11, 0x00, 0x00, 0x11, 0x11, 0x00, 0x00, 0x10, 0x01,
};

static const ASpriteSubTile npc_sprite_player_multi2_tiles[2] =
{
    /* dx, dy, tile_offset (8x8 VRAM tiles), flip_h, flip_v, palette_bank, priority, tall */
    { 8, 0, 0, 0, 0, 0, 0, 1 },
    { 0, 0, 2, 0, 0, 0, 0, 1 },
};

static const uint8_t npc_sprite_player_multi2_data[128] __attribute__((aligned(4))) =
{
    0x00, 0x00, 0x00, 0x00, 0x11, 0x01, 0x00, 0x00, 0x22, 0x12, 0x00, 0x00, 0x32, 0x23, 0x01, 0x00,
    0x23, 0x22, 0x12, 0x00, 0x22, 0x22, 0x12, 0x00, 0x22, 0x22, 0x12, 0x00, 0x22, 0x22, 0x12, 0x00,
    0x22, 0x23, 0x12, 0x00, 0x22, 0x23, 0x12, 0x00, 0x22, 0x23, 0x12, 0x00, 0x21, 0x23, 0x22, 0x01,
    0x21, 0x12, 0x11, 0x01, 0x11, 0x11, 0x01, 0x00, 0x21, 0x13, 0x00, 0x00, 0x10, 0x11, 0x00, 0x00,
    0x00, 0x00, 0x00, 0x00, 0x00, 0x00, 0x10, 0x11, 0x00, 0x00, 0x21, 0x22, 0x00, 0x10, 0x32, 0x23,
    0x00, 0x21, 0x22, 0x32, 0x10, 0x21, 0x22, 0x22, 0x00, 0x21, 0x22, 0x22, 0x00, 0x21, 0x22, 0x22,
    0x00, 0x21, 0x23, 0x32, 0x00, 0x21, 0x23, 0x32, 0x00, 0x21, 0x23, 0x32, 0x10, 0x32, 0x32, 0x32,
    0x10, 0x11, 0x11, 0x23, 0x00, 0x31, 0x13, 0x11, 0x00, 0x10, 0x11, 0x11, 0x00, 0x00, 0x00, 0x00,
};

static const ASpriteSubTile npc_sprite_player_multi3_tiles[2] =
{
    /* dx, dy, tile_offset (8x8 VRAM tiles), flip_h, flip_v, palette_bank, priority, tall */
    { 8, 0, 0, 0, 0, 0, 0, 1 },
    { 0, 0, 2, 0, 0, 0, 0, 1 },
};

static const uint8_t npc_sprite_player_multi3_data[128] __attribute__((aligned(4))) =
{
    0x00, 0x00, 0x00, 0x00, 0x11, 0x01, 0x00, 0x00, 0x22, 0x12, 0x00, 0x00, 0x22, 0x33, 0x01, 0x00,
    0x32, 0x32, 0x13, 0x00, 0x21, 0x23, 0x13, 0x00, 0x12, 0x22, 0x22, 0x01, 0x23, 0x11, 0x11, 0x01,
    0x13, 0x12, 0x12, 0x00, 0x13, 0x13, 0x12, 0x00, 0x33, 0x11, 0x12, 0x00, 0x11, 0x11, 0x21, 0x01,
    0x22, 0x31, 0x13, 0x00, 0x11, 0x31, 0x13, 0x00, 0x11, 0x11, 0x01, 0x00, 0x10, 0x11, 0x00, 0x00,
    0x00, 0x00, 0x00, 0x00, 0x00, 0x00, 0x10, 0x11, 0x00, 0x00, 0x21, 0x22, 0x00, 0x10, 0x22, 0x22,
    0x00, 0x31, 0x33, 0x12, 0x00, 0x21, 0x22, 0x21, 0x00, 0x21, 0x11, 0x32, 0x00, 0x21, 0x21, 0x33,
    0x00, 0x21, 0x21, 0x31, 0x00, 0x21, 0x31, 0x31, 0x00, 0x31, 0x11, 0x33, 0x10, 0x23, 0x11, 0x11,
    0x10, 0x11, 0x11, 0x11, 0x00, 0x11, 0x21, 0x12, 0x00, 0x10, 0x31, 0x12, 0x00, 0x00, 0x11, 0x01,
};

static const ASpriteSubTile npc_sprite_player_multi4_tiles[2] =
{
    /* dx, dy, tile_offset (8x8 VRAM tiles), flip_h, flip_v, palette_bank, priority, tall */
    { 8, 0, 0, 0, 0, 0, 0, 1 },
    { 0, 0, 2, 0, 0, 0, 0, 1 },
};

static const uint8_t npc_sprite_player_multi4_data[128] __attribute__((aligned(4))) =
{
    0x00, 0x00, 0x00, 0x00, 0x11, 0x11, 0x00, 0x00, 0x22, 0x33, 0x01, 0x00, 0x22, 0x22, 0x13, 0x00,
    0x32, 0x21, 0x22, 0x01, 0x13, 0x12, 0x22, 0x01, 0x21, 0x23, 0x11, 0x00, 0x22, 0x33, 0x01, 0x00,
    0x33, 0x31, 0x01, 0x00, 0x33, 0x31, 0x13, 0x00, 0x33, 0x33, 0x01, 0x00, 0x11, 0x11, 0x00, 0x00,
    0x12, 0x12, 0x00, 0x00, 0x33, 0x11, 0x11, 0x00, 0x11, 0x11, 0x11, 0x00, 0x00, 0x11, 0x00, 0x00,
    0x00, 0x00, 0x00, 0x00, 0x00, 0x00, 0x00, 0x11, 0x00, 0x00, 0x11, 0x22, 0x00, 0x10, 0x32, 0x23,
    0x00, 0x21, 0x23, 0x21, 0x00, 0x21, 0x12, 0x22, 0x00, 0x21, 0x21, 0x32, 0x00, 0x21, 0x12, 0x11,
    0x00, 0x21, 0x22, 0x21, 0x00, 0x31, 0x22, 0x31, 0x00, 0x31, 0x22, 0x12, 0x10, 0x33, 0x33, 0x21,
    0x00, 0x11, 0x11, 0x21, 0x00, 0x11, 0x12, 0x11, 0x00, 0x10, 0x32, 0x13, 0x00, 0x00, 0x11, 0x01,
};

static const ASpriteSubTile npc_sprite_player_multi5_tiles[2] =
{
    /* dx, dy, tile_offset (8x8 VRAM tiles), flip_h, flip_v, palette_bank, priority, tall */
    { 8, 0, 0, 0, 0, 0, 0, 1 },
    { 0, 0, 2, 0, 0, 0, 0, 1 },
};

static const uint8_t npc_sprite_player_multi5_data[128] __attribute__((aligned(4))) =
{
    0x00, 0x00, 0x00, 0x00, 0x11, 0x11, 0x00, 0x00, 0x22, 0x33, 0x01, 0x00, 0x22, 0x22, 0x13, 0x00,
    0x32, 0x21, 0x22, 0x01, 0x13, 0x12, 0x22, 0x01, 0x21, 0x23, 0x11, 0x00, 0x22, 0x33, 0x01, 0x00,
    0x33, 0x31, 0x01, 0x00, 0x33, 0x31, 0x13, 0x00, 0x33, 0x33, 0x01, 0x00, 0x11, 0x11, 0x00, 0x00,
    0x22, 0x13, 0x00, 0x00, 0x11, 0x31, 0x01, 0x00, 0x10, 0x32, 0x13, 0x00, 0x00, 0x11, 0x01, 0x00,
    0x00, 0x00, 0x00, 0x00, 0x00, 0x00, 0x00, 0x11, 0x00, 0x00, 0x11, 0x22, 0x00, 0x10, 0x32, 0x23,
    0x00, 0x21, 0x23, 0x21, 0x00, 0x21, 0x12, 0x22, 0x00, 0x21, 0x21, 0x32, 0x00, 0x21, 0x12, 0x11,
    0x00, 0x21, 0x22, 0x21, 0x00, 0x31, 0x22, 0x31, 0x00, 0x31, 0x22, 0x11, 0x10, 0x33, 0x13, 0x22,
    0x00, 0x11, 0x21, 0x12, 0x00, 0x10, 0x33, 0x11, 0x00, 0x00, 0x11, 0x11, 0x00, 0x00, 0x10, 0x01,
};

static const ASpriteSubTile npc_sprite_player_multi6_tiles[2] =
{
    /* dx, dy, tile_offset (8x8 VRAM tiles), flip_h, flip_v, palette_bank, priority, tall */
    { 0, 0, 0, 1, 0, 0, 0, 1 },
    { 8, 0, 2, 1, 0, 0, 0, 1 },
};

static const uint8_t npc_sprite_player_multi6_data[128] __attribute__((aligned(4))) =
{
    0x00, 0x00, 0x00, 0x00, 0x11, 0x11, 0x00, 0x00, 0x22, 0x33, 0x01, 0x00, 0x22, 0x22, 0x13, 0x00,
    0x32, 0x21, 0x22, 0x01, 0x13, 0x12, 0x22, 0x01, 0x21, 0x23, 0x11, 0x00, 0x22, 0x33, 0x01, 0x00,
    0x33, 0x31, 0x01, 0x00, 0x33, 0x31, 0x13, 0x00, 0x33, 0x33, 0x01, 0x00, 0x11, 0x11, 0x00, 0x00,
    0x12, 0x12, 0x00, 0x00, 0x33, 0x11, 0x11, 0x00, 0x11, 0x11, 0x11, 0x00, 0x00, 0x11, 0x00, 0x00,
    0x00, 0x00, 0x00, 0x00, 0x00, 0x00, 0x00, 0x11, 0x00, 0x00, 0x11, 0x22, 0x00, 0x10, 0x32, 0x23,
    0x00, 0x21, 0x23, 0x21, 0x00, 0x21, 0x12, 0x22, 0x00, 0x21, 0x21, 0x32, 0x00, 0x21, 0x12, 0x11,
    0x00, 0x21, 0x22, 0x21, 0x00, 0x31, 0x22, 0x31, 0x00, 0x31, 0x22, 0x12, 0x10, 0x33, 0x33, 0x21,
    0x00, 0x11, 0x11, 0x21, 0x00, 0x11, 0x12, 0x11, 0x00, 0x10, 0x32, 0x13, 0x00, 0x00, 0x11, 0x01,
};

static const ASpriteSubTile npc_sprite_player_multi7_tiles[2] =
{
    /* dx, dy, tile_offset (8x8 VRAM tiles), flip_h, flip_v, palette_bank, priority, tall */
    { 0, 0, 0, 1, 0, 0, 0, 1 },
    { 8, 0, 2, 1, 0, 0, 0, 1 },
};

static const uint8_t npc_sprite_player_multi7_data[128] __attribute__((aligned(4))) =
{
    0x00, 0x00, 0x00, 0x00, 0x11, 0x11, 0x00, 0x00, 0x22, 0x33, 0x01, 0x00, 0x22, 0x22, 0x13, 0x00,
    0x32, 0x21, 0x22, 0x01, 0x13, 0x12, 0x22, 0x01, 0x21, 0x23, 0x11, 0x00, 0x22, 0x33, 0x01, 0x00,
    0x33, 0x31, 0x01, 0x00, 0x33, 0x31, 0x13, 0x00, 0x33, 0x33, 0x01, 0x00, 0x11, 0x11, 0x00, 0x00,
    0x22, 0x13, 0x00, 0x00, 0x11, 0x31, 0x01, 0x00, 0x10, 0x32, 0x13, 0x00, 0x00, 0x11, 0x01, 0x00,
    0x00, 0x00, 0x00, 0x00, 0x00, 0x00, 0x00, 0x11, 0x00, 0x00, 0x11, 0x22, 0x00, 0x10, 0x32, 0x23,
    0x00, 0x21, 0x23, 0x21, 0x00, 0x21, 0x12, 0x22, 0x00, 0x21, 0x21, 0x32, 0x00, 0x21, 0x12, 0x11,
    0x00, 0x21, 0x22, 0x21, 0x00, 0x31, 0x22, 0x31, 0x00, 0x31, 0x22, 0x11, 0x10, 0x33, 0x13, 0x22,
    0x00, 0x11, 0x21, 0x12, 0x00, 0x10, 0x33, 0x11, 0x00, 0x00, 0x11, 0x11, 0x00, 0x00, 0x10, 0x01,
};

static const ASpriteSubTile npc_sprite_player_multi8_tiles[2] =
{
    /* dx, dy, tile_offset (8x8 VRAM tiles), flip_h, flip_v, palette_bank, priority, tall */
    { 8, 0, 0, 0, 0, 0, 0, 1 },
    { 0, 0, 2, 0, 0, 0, 0, 1 },
};

static const uint8_t npc_sprite_player_multi8_data[128] __attribute__((aligned(4))) =
{
    0x00, 0x00, 0x00, 0x00, 0x11, 0x01, 0x00, 0x00, 0x22, 0x12, 0x00, 0x00, 0x32, 0x23, 0x01, 0x00,
    0x23, 0x22, 0x12, 0x00, 0x22, 0x22, 0x12, 0x00, 0x22, 0x22, 0x12, 0x00, 0x22, 0x22, 0x12, 0x00,
    0x22, 0x23, 0x12, 0x00, 0x22, 0x23, 0x12, 0x00, 0x22, 0x23, 0x12, 0x00, 0x21, 0x23, 0x22, 0x01,
    0x21, 0x12, 0x11, 0x01, 0x11, 0x31, 0x13, 0x00, 0x11, 0x11, 0x01, 0x00, 0x00, 0x00, 0x00, 0x00,
    0x00, 0x00, 0x00, 0x00, 0x00, 0x00, 0x10, 0x11, 0x00, 0x00, 0x21, 0x22, 0x00, 0x10, 0x32, 0x23,
    0x00, 0x21, 0x22, 0x32, 0x00, 0x21, 0x22, 0x22, 0x10, 0x21, 0x22, 0x22, 0x00, 0x21, 0x22, 0x22,
    0x00, 0x21, 0x23, 0x32, 0x00, 0x21, 0x23, 0x32, 0x00, 0x21, 0x23, 0x32, 0x10, 0x32, 0x32, 0x32,
    0x10, 0x11, 0x11, 0x23, 0x00, 0x11, 0x11, 0x11, 0x00, 0x00, 0x31, 0x12, 0x00, 0x00, 0x11, 0x01,
};

static const ASpriteSubTile npc_sprite_player_multi9_tiles[2] =
{
    /* dx, dy, tile_offset (8x8 VRAM tiles), flip_h, flip_v, palette_bank, priority, tall */
    { 8, 0, 0, 0, 0, 0, 0, 1 },
    { 0, 0, 2, 0, 0, 0, 0, 1 },
};

static const uint8_t npc_sprite_player_multi9_data[128] __attribute__((aligned(4))) =
{
    0x00, 0x00, 0x00, 0x00, 0x11, 0x01, 0x00, 0x00, 0x22, 0x12, 0x00, 0x00, 0x32, 0x23, 0x01, 0x00,
    0x23, 0x22, 0x12, 0x00, 0x22, 0x22, 0x12, 0x00, 0x22, 0x22, 0x12, 0x00, 0x22, 0x22, 0x12, 0x00,
    0x22, 0x23, 0x12, 0x00, 0x22, 0x23, 0x12, 0x00, 0x22, 0x23, 0x12, 0x00, 0x21, 0x23, 0x22, 0x01,
    0x21, 0x12, 0x11, 0x01, 0x11, 0x11, 0x01, 0x00, 0x21, 0x13, 0x00, 0x00, 0x10, 0x11, 0x00, 0x00,
    0x00, 0x00, 0x00, 0x00, 0x00, 0x00, 0x10, 0x11, 0x00, 0x00, 0x21, 0x22, 0x00, 0x10, 0x32, 0x23,
    0x00, 0x21, 0x22, 0x32, 0x10, 0x21, 0x22, 0x22, 0x00, 0x21, 0x22, 0x22, 0x00, 0x21, 0x22, 0x22,
    0x00, 0x21, 0x23, 0x32, 0x00, 0x21, 0x23, 0x32, 0x00, 0x21, 0x23, 0x32, 0x10, 0x32, 0x32, 0x32,
    0x10, 0x11, 0x11, 0x23, 0x00, 0x31, 0x13, 0x11, 0x00, 0x10, 0x11, 0x11, 0x00, 0x00, 0x00, 0x00,
};

static const ASpriteSubTile npc_sprite_player_multi10_tiles[2] =
{
    /* dx, dy, tile_offset (8x8 VRAM tiles), flip_h, flip_v, palette_bank, priority, tall */
    { 8, 0, 0, 0, 0, 0, 0, 1 },
    { 0, 0, 2, 0, 0, 0, 0, 1 },
};

static const uint8_t npc_sprite_player_multi10_data[128] __attribute__((aligned(4))) =
{
    0x00, 0x00, 0x00, 0x00, 0x11, 0x01, 0x00, 0x00, 0x22, 0x12, 0x00, 0x00, 0x22, 0x33, 0x01, 0x00,
    0x32, 0x32, 0x13, 0x00, 0x21, 0x23, 0x13, 0x00, 0x12, 0x22, 0x22, 0x01, 0x23, 0x11, 0x11, 0x01,
    0x13, 0x12, 0x12, 0x00, 0x13, 0x13, 0x12, 0x00, 0x33, 0x11, 0x12, 0x00, 0x11, 0x11, 0x21, 0x01,
    0x22, 0x31, 0x13, 0x00, 0x11, 0x31, 0x13, 0x00, 0x11, 0x11, 0x01, 0x00, 0x10, 0x11, 0x00, 0x00,
    0x00, 0x00, 0x00, 0x00, 0x00, 0x00, 0x10, 0x11, 0x00, 0x00, 0x21, 0x22, 0x00, 0x10, 0x22, 0x22,
    0x00, 0x31, 0x33, 0x12, 0x00, 0x21, 0x22, 0x21, 0x00, 0x21, 0x11, 0x32, 0x00, 0x21, 0x21, 0x33,
    0x00, 0x21, 0x21, 0x31, 0x00, 0x21, 0x31, 0x31, 0x00, 0x31, 0x11, 0x33, 0x10, 0x23, 0x11, 0x11,
    0x10, 0x11, 0x11, 0x11, 0x00, 0x11, 0x21, 0x12, 0x00, 0x10, 0x31, 0x12, 0x00, 0x00, 0x11, 0x01,
};

static const ASpriteSubTile npc_sprite_player_multi11_tiles[2] =
{
    /* dx, dy, tile_offset (8x8 VRAM tiles), flip_h, flip_v, palette_bank, priority, tall */
    { 8, 0, 0, 0, 0, 0, 0, 1 },
    { 0, 0, 2, 0, 0, 0, 0, 1 },
};

static const uint8_t npc_sprite_player_multi11_data[128] __attribute__((aligned(4))) =
{
    0x00, 0x00, 0x00, 0x00, 0x11, 0x01, 0x00, 0x00, 0x22, 0x12, 0x00, 0x00, 0x22, 0x33, 0x01, 0x00,
    0x32, 0x32, 0x13, 0x00, 0x21, 0x23, 0x13, 0x00, 0x12, 0x22, 0x22, 0x01, 0x23, 0x11, 0x11, 0x01,
    0x13, 0x12, 0x12, 0x00, 0x13, 0x13, 0x12, 0x00, 0x33, 0x11, 0x12, 0x00, 0x11, 0x11, 0x22, 0x01,
    0x11, 0x11, 0x11, 0x01, 0x21, 0x12, 0x11, 0x00, 0x21, 0x13, 0x01, 0x00, 0x10, 0x11, 0x00, 0x00,
    0x00, 0x00, 0x00, 0x00, 0x00, 0x00, 0x10, 0x11, 0x00, 0x00, 0x21, 0x22, 0x00, 0x10, 0x22, 0x22,
    0x00, 0x31, 0x33, 0x12, 0x00, 0x21, 0x22, 0x21, 0x00, 0x21, 0x11, 0x32, 0x00, 0x21, 0x21, 0x33,
    0x00, 0x21, 0x21, 0x31, 0x00, 0x21, 0x31, 0x31, 0x00, 0x31, 0x11, 0x33, 0x10, 0x23, 0x11, 0x11,
    0x10, 0x11, 0x11, 0x22, 0x00, 0x31, 0x13, 0x11, 0x00, 0x10, 0x11, 0x11, 0x00, 0x00, 0x11, 0x01,
};

static const ASpriteMultiFrame npc_sprite_player_multi_frames[12] =
{
    { npc_sprite_player_multi0_tiles, 2, npc_sprite_player_multi0_data, 4 },
    { npc_sprite_player_multi1_tiles, 2, npc_sprite_player_multi1_data, 4 },
    { npc_sprite_player_multi2_tiles, 2, npc_sprite_player_multi2_data, 4 },
    { npc_sprite_player_multi3_tiles, 2, npc_sprite_player_multi3_data, 4 },
    { npc_sprite_player_multi4_tiles, 2, npc_sprite_player_multi4_data, 4 },
    { npc_sprite_player_multi5_tiles, 2, npc_sprite_player_multi5_data, 4 },
    { npc_sprite_player_multi6_tiles, 2, npc_sprite_player_multi6_data, 4 },
    { npc_sprite_player_multi7_tiles, 2, npc_sprite_player_multi7_data, 4 },
    { npc_sprite_player_multi8_tiles, 2, npc_sprite_player_multi8_data, 4 },
    { npc_sprite_player_multi9_tiles, 2, npc_sprite_player_multi9_data, 4 },
    { npc_sprite_player_multi10_tiles, 2, npc_sprite_player_multi10_data, 4 },
    { npc_sprite_player_multi11_tiles, 2, npc_sprite_player_multi11_data, 4 },
};

/* idle: down, up, right, left; moving: down, up, right, left (255 = keep current state) */
static const uint8_t npc_sprite_player_anim_map[8] __attribute__((aligned(4))) =
{
    3, 2, 0, 1, 7, 6, 4, 5,
};

const NpcSpriteDef npc_sprites[1] =
{
    /* [0] cop_3 */ { npc_sprite_cop_3_tiles, 1, 1, npc_sprite_cop_3_palette, npc_sprite_cop_3_states, 8, 0, 0, 16, 16, 16, 24, npc_sprite_cop_3_multi_frames, 12, 6, 6, npc_sprite_cop_3_anim_map },
};

static const uint8_t player_entity_state0_frames[1] __attribute__((aligned(4))) =
{
    0,
};

static const uint8_t player_entity_state1_frames[1] __attribute__((aligned(4))) =
{
    1,
};

static const uint8_t player_entity_state2_frames[1] __attribute__((aligned(4))) =
{
    2,
};

static const uint8_t player_entity_state3_frames[1] __attribute__((aligned(4))) =
{
    3,
};

static const uint8_t player_entity_state4_frames[2] __attribute__((aligned(4))) =
{
    4, 5,
};

static const uint8_t player_entity_state5_frames[2] __attribute__((aligned(4))) =
{
    6, 7,
};

static const uint8_t player_entity_state6_frames[2] __attribute__((aligned(4))) =
{
    8, 9,
};

static const uint8_t player_entity_state7_frames[2] __attribute__((aligned(4))) =
{
    10, 11,
};

static const EntityAnimState player_entity_states[8] =
{
    { player_entity_state0_frames, 1, 8 },
    { player_entity_state1_frames, 1, 8 },
    { player_entity_state2_frames, 1, 8 },
    { player_entity_state3_frames, 1, 8 },
    { player_entity_state4_frames, 2, 8 },
    { player_entity_state5_frames, 2, 8 },
    { player_entity_state6_frames, 2, 8 },
    { player_entity_state7_frames, 2, 8 },
};

const PlayerSpriteDef player_sprite_def = { player_entity_states, 8, 0, 0, 16, 16, 16, 16, npc_sprite_player_multi_frames, 12, 2, 4, npc_sprite_player_anim_map };

const char *const item_names[1] =
{
    0,
};

/* ---- scene: start ---- */
static const uint8_t start_tiles[9920] __attribute__((aligned(4))) =
{
    0x00, 0x00, 0x00, 0x00, 0x00, 0x00, 0x00, 0x00, 0x00, 0x00, 0x00, 0x00, 0x00, 0x00, 0x00, 0x00,
    0x00, 0x00, 0x00, 0x00, 0x00, 0x00, 0x00, 0x00, 0x00, 0x00, 0x00, 0x00, 0x00, 0x00, 0x00, 0x00,
    0x00, 0x00, 0xCC, 0xCC, 0x90, 0x09, 0xCC, 0xCC, 0x90, 0x09, 0xCC, 0x00, 0x90, 0x09, 0xCC, 0x99,
    0x90, 0x09, 0xCC, 0x99, 0x90, 0x09, 0xCC, 0x00, 0x90, 0x09, 0xCC, 0x33, 0x90, 0x09, 0xCC, 0x33,
    0xCC, 0xCC, 0xCC, 0xCC, 0xCC, 0xCC, 0xCC, 0xCC, 0x00, 0x00, 0x00, 0x00, 0x90, 0x99, 0x99, 0x99,
    0x90, 0x99, 0x99, 0x99, 0x00, 0x00, 0x00, 0x00, 0x33, 0x33, 0x33, 0x33, 0x33, 0x33, 0x33, 0x33,
    0xCC, 0xCC, 0xCC, 0xCC, 0xCC, 0xCC, 0xCC, 0xCC, 0x00, 0x00, 0x00, 0x00, 0x90, 0x99, 0x99, 0x99,
    0x90, 0x99, 0x99, 0x99, 0x00, 0x00, 0x00, 0x00, 0x99, 0x99, 0x99, 0x99, 0x93, 0x99, 0x99, 0x93,
    0xCC, 0xCC, 0xCC, 0xCC, 0xCC, 0xCC, 0xCC, 0xCC, 0x00, 0x00, 0x00, 0x00, 0x90, 0x99, 0x99, 0x99,
    0x90, 0x99, 0x99, 0x99, 0x00, 0x00, 0x00, 0x00, 0x99, 0x99, 0x99, 0x99, 0x39, 0x99, 0x39, 0x39,
    0xCC, 0xCC, 0x00, 0x00, 0xCC, 0xCC, 0x90, 0x09, 0x00, 0xCC, 0x90, 0x09, 0x90, 0xCC, 0x90, 0x09,
    0x90, 0xCC, 0x90, 0x09, 0x00, 0xCC, 0x90, 0x09, 0x99, 0xCC, 0x90, 0x09, 0x39, 0xCC, 0x90, 0x09,
    0x00, 0x00, 0xCC, 0x33, 0x90, 0x09, 0xCC, 0x33, 0x90, 0x09, 0xCC, 0x33, 0x90, 0x09, 0xCC, 0x33,
    0x90, 0x09, 0xCC, 0x33, 0x90, 0x09, 0xCC, 0x33, 0x90, 0x09, 0xCC, 0x33, 0x00, 0x00, 0xCC, 0x33,
    0x33, 0x33, 0x33, 0x33, 0x33, 0x33, 0x33, 0x33, 0x33, 0x33, 0x33, 0x33, 0x33, 0x33, 0x33, 0x33,
    0x33, 0x33, 0x33, 0x33, 0x33, 0x33, 0x33, 0x33, 0x33, 0x33, 0x33, 0x33, 0x33, 0x33, 0x33, 0x33,
    0x93, 0x99, 0x93, 0x33, 0x93, 0x93, 0x93, 0x33, 0x93, 0x93, 0x33, 0x33, 0x33, 0x33, 0x33, 0x33,
    0x33, 0x33, 0x33, 0x33, 0x33, 0x33, 0x33, 0x33, 0x33, 0x33, 0x33, 0x33, 0x33, 0x33, 0x33, 0x33,
    0x39, 0x99, 0x39, 0x39, 0x39, 0x93, 0x33, 0x33, 0x39, 0x93, 0x33, 0x33, 0x33, 0x93, 0x33, 0x33,
    0x33, 0x33, 0x33, 0x33, 0x33, 0x33, 0x33, 0x33, 0x33, 0x33, 0x33, 0x33, 0x33, 0x33, 0x33, 0x33,
    0x39, 0xCC, 0x00, 0x00, 0x39, 0xCC, 0x90, 0x09, 0x39, 0xCC, 0x90, 0x09, 0x33, 0xCC, 0x90, 0x09,
    0x33, 0xCC, 0x90, 0x09, 0x33, 0xCC, 0x90, 0x09, 0x33, 0xCC, 0x90, 0x09, 0x33, 0xCC, 0x00, 0x00,
    0x00, 0x00, 0xCC, 0x33, 0x90, 0x09, 0xCC, 0x33, 0x90, 0x09, 0xCC, 0x33, 0x90, 0x09, 0xCC, 0x33,
    0x90, 0x09, 0xCC, 0x33, 0x90, 0x09, 0xCC, 0x33, 0x90, 0x09, 0xCC, 0x33, 0x90, 0x09, 0xCC, 0x99,
    0x33, 0x33, 0x33, 0x33, 0x33, 0x33, 0x33, 0x33, 0x33, 0x33, 0x33, 0x33, 0x33, 0x33, 0x33, 0x33,
    0x33, 0x33, 0x33, 0x33, 0x39, 0x33, 0x33, 0x33, 0x39, 0x33, 0x33, 0x33, 0x99, 0x99, 0x99, 0x33,
    0x99, 0x99, 0x99, 0x99, 0x69, 0x66, 0x66, 0x66, 0x69, 0x66, 0x66, 0x66, 0x69, 0x66, 0x66, 0x66,
    0x69, 0x99, 0x99, 0x99, 0x69, 0xB9, 0xBB, 0xBB, 0x69, 0xB9, 0xEE, 0xEE, 0x69, 0xB9, 0x00, 0x00,
    0x99, 0x99, 0x99, 0x99, 0x66, 0x66, 0x66, 0x66, 0x66, 0x96, 0x99, 0x99, 0x66, 0x96, 0xBB, 0xBB,
    0x99, 0x96, 0x00, 0x00, 0x9B, 0x96, 0xB0, 0xBB, 0x9B, 0x96, 0xB0, 0xDD, 0x9B, 0x96, 0xB0, 0x33,
    0x99, 0x99, 0x99, 0x99, 0x66, 0x66, 0x66, 0x66, 0x99, 0x99, 0x99, 0x99, 0xBB, 0xBB, 0xBB, 0xBB,
    0x00, 0x00, 0x00, 0x00, 0xBB, 0xBB, 0x00, 0xDD, 0x3D, 0xB3, 0x00, 0x0D, 0x3D, 0xBD, 0xDD, 0x0D,
    0x99, 0x99, 0x99, 0x99, 0x66, 0x66, 0x66, 0x66, 0x99, 0x99, 0x99, 0x99, 0xBB, 0xBB, 0xBB, 0x9B,
    0x00, 0x00, 0x00, 0x90, 0xDD, 0xDD, 0x0D, 0x90, 0x00, 0x22, 0x22, 0x90, 0x00, 0xB2, 0x2B, 0x90,
    0x99, 0x99, 0x99, 0x99, 0x66, 0x66, 0x66, 0x66, 0x66, 0x66, 0x66, 0x66, 0x66, 0x66, 0x66, 0x66,
    0x66, 0x99, 0x99, 0x99, 0x66, 0xB9, 0xBB, 0xBB, 0x66, 0xB9, 0xBB, 0xBB, 0x66, 0x09, 0x00, 0x00,
    0x99, 0x99, 0x99, 0x99, 0x66, 0x66, 0x66, 0x96, 0x66, 0x66, 0x66, 0x96, 0x66, 0x66, 0x66, 0x96,
    0x99, 0x99, 0x99, 0x96, 0xBB, 0xBB, 0x9B, 0x96, 0xBB, 0xBB, 0x9B, 0x96, 0x00, 0x00, 0x90, 0x96,
    0x33, 0x33, 0x33, 0x33, 0x33, 0x33, 0x33, 0x33, 0x33, 0x33, 0x33, 0x33, 0x33, 0x33, 0x33, 0x33,
    0x33, 0x33, 0x33, 0x33, 0x33, 0x33, 0x33, 0x33, 0x33, 0x93, 0x99, 0x99, 0x93, 0xC9, 0xFF, 0xFF,
    0x33, 0x33, 0x33, 0x33, 0x33, 0x33, 0x33, 0x33, 0x33, 0x33, 0x33, 0x33, 0x33, 0x33, 0x33, 0x33,
    0x33, 0x33, 0x33, 0x33, 0x33, 0x33, 0x33, 0x33, 0x99, 0x99, 0x99, 0x33, 0xFF, 0xFF, 0x9C, 0x39,
    0x33, 0x33, 0x33, 0x33, 0x33, 0x33, 0x33, 0x33, 0x33, 0x33, 0x33, 0x33, 0x33, 0x33, 0x33, 0x66,
    0x33, 0x33, 0x63, 0x99, 0x33, 0x33, 0x66, 0x36, 0x33, 0x63, 0x99, 0x99, 0x33, 0x63, 0x66, 0x66,
    0x33, 0x33, 0x33, 0x33, 0x33, 0x33, 0x33, 0x33, 0x33, 0x33, 0x33, 0x33, 0x66, 0x33, 0x33, 0x33,
    0x99, 0x36, 0x33, 0x33, 0x66, 0x66, 0x33, 0x33, 0x99, 0x99, 0x36, 0x33, 0x63, 0x66, 0x36, 0x33,
    0x33, 0x33, 0x33, 0x33, 0x33, 0x33, 0x33, 0x33, 0x33, 0x33, 0x33, 0x33, 0x33, 0x33, 0x33, 0x33,
    0x33, 0x33, 0x33, 0x33, 0x33, 0x33, 0x33, 0x33, 0x33, 0x33, 0x33, 0x33, 0x33, 0x39, 0x99, 0x99,
    0x99, 0x99, 0x99, 0x99, 0x66, 0x66, 0x66, 0x66, 0x66, 0x66, 0x66, 0x66, 0x66, 0x66, 0x66, 0x66,
    0x99, 0x99, 0x99, 0x99, 0xBB, 0xBB, 0xBB, 0xBB, 0xEE, 0xEE, 0xEE, 0xEE, 0x00, 0x00, 0x00, 0x00,
    0x33, 0xCC, 0x00, 0x00, 0x33, 0xCC, 0x90, 0x09, 0x33, 0xCC, 0x90, 0x09, 0x33, 0xCC, 0x90, 0x09,
    0x33, 0xCC, 0x90, 0x09, 0x33, 0xCC, 0x90, 0x09, 0x33, 0xCC, 0x90, 0x09, 0x33, 0xCC, 0x90, 0x09,
    0x00, 0x00, 0xCC, 0x33, 0x90, 0x09, 0xCC, 0x33, 0x90, 0x09, 0xCC, 0x33, 0x90, 0x09, 0xCC, 0x99,
    0x90, 0x09, 0xCC, 0x33, 0x90, 0x09, 0xCC, 0x33, 0x90, 0x09, 0xCC, 0x33, 0x00, 0x00, 0xCC, 0x33,
    0x33, 0x93, 0x33, 0x33, 0x33, 0x93, 0x33, 0x33, 0x33, 0x93, 0x33, 0x33, 0x99, 0x39, 0x33, 0x33,
    0x39, 0x33, 0x33, 0x33, 0x39, 0x33, 0x33, 0x33, 0x33, 0x33, 0x33, 0x33, 0x33, 0x33, 0x33, 0x33,
    0x69, 0xB9, 0xBB, 0xBB, 0x69, 0xB9, 0xEE, 0xEE, 0x69, 0xB9, 0x00, 0x00, 0x69, 0xB9, 0xBB, 0xBB,
    0x69, 0xB9, 0xEE, 0xEE, 0x69, 0xB9, 0x00, 0x00, 0x69, 0xB9, 0xBB, 0xBB, 0x69, 0xB9, 0xEE, 0xEE,
    0x9B, 0x96, 0xB0, 0xD3, 0x9B, 0x96, 0xB0, 0x3D, 0x9B, 0x96, 0xB0, 0xDD, 0x9B, 0x96, 0xB0, 0xBB,
    0x9B, 0x96, 0x00, 0x00, 0x9B, 0x66, 0x3E, 0xE3, 0x9B, 0x66, 0x3E, 0xE3, 0x9B, 0x66, 0x3E, 0xE3,
    0x39, 0xBD, 0x00, 0x00, 0xD3, 0xBD, 0x00, 0xDD, 0x33, 0xBD, 0xDD, 0x0D, 0xBB, 0xBB, 0x00, 0x00,
    0x00, 0x00, 0x00, 0x00, 0x66, 0x33, 0x33, 0x3F, 0x66, 0x33, 0x63, 0x3F, 0x66, 0x33, 0x63, 0x3F,
    0x22, 0x02, 0x20, 0x90, 0x02, 0x00, 0x20, 0x90, 0x32, 0x33, 0x23, 0x90, 0x02, 0x00, 0x20, 0x90,
    0x32, 0x33, 0x23, 0x90, 0x63, 0xF3, 0xF6, 0x6F, 0x63, 0xF3, 0x66, 0x6F, 0x66, 0xF3, 0x66, 0x6F,
    0x66, 0x09, 0x22, 0x20, 0x66, 0x09, 0x22, 0x20, 0x66, 0x09, 0x00, 0x00, 0x66, 0x09, 0x00, 0x00,
    0x66, 0x66, 0x6F, 0x33, 0x66, 0x66, 0x6F, 0xF3, 0x66, 0xF6, 0x66, 0xF6, 0x66, 0xF6, 0x66, 0xF6,
    0x02, 0xB2, 0x90, 0x96, 0x02, 0x2B, 0x90, 0x96, 0x00, 0xF2, 0x90, 0x96, 0x00, 0x00, 0x90, 0x96,
    0x3F, 0x33, 0x66, 0x96, 0x3F, 0x63, 0x66, 0x96, 0x33, 0x63, 0x66, 0x96, 0x33, 0x63, 0x66, 0x96,
    0x93, 0xCC, 0xEE, 0xEE, 0x93, 0xC9, 0xEE, 0xEE, 0x33, 0x99, 0x99, 0x99, 0x33, 0x33, 0x33, 0x33,
    0x33, 0x33, 0x33, 0x33, 0x33, 0x33, 0x33, 0x33, 0x33, 0x33, 0x33, 0x33, 0x33, 0x33, 0x33, 0x33,
    0x33, 0x63, 0x99, 0x99, 0x33, 0x93, 0x66, 0x63, 0x33, 0x93, 0x69, 0x99, 0x33, 0x93, 0x99, 0x66,
    0x33, 0x93, 0x93, 0x99, 0x33, 0x33, 0x93, 0x33, 0x33, 0x33, 0x33, 0x33, 0x33, 0x33, 0x33, 0x33,
    0x99, 0x99, 0x36, 0x33, 0x66, 0x66, 0x39, 0x33, 0x99, 0x96, 0x39, 0x33, 0x66, 0x99, 0x39, 0x33,
    0x99, 0x99, 0x33, 0x33, 0x39, 0x93, 0x33, 0x33, 0x39, 0x33, 0x33, 0x33, 0x33, 0x33, 0x33, 0x33,
    0x33, 0x33, 0x39, 0x33, 0x33, 0x33, 0x39, 0x33, 0x33, 0x33, 0x33, 0x33, 0x33, 0x33, 0x33, 0x99,
    0x33, 0x33, 0x33, 0x33, 0x33, 0x33, 0x33, 0x33, 0x33, 0x33, 0x33, 0x33, 0x33, 0x33, 0x33, 0x33,
    0x69, 0xB9, 0xBB, 0xBB, 0x69, 0xB9, 0xEE, 0xEE, 0x69, 0xB9, 0x00, 0x00, 0x69, 0xB9, 0xBB, 0xBB,
    0x69, 0x66, 0x66, 0x63, 0x69, 0x66, 0x66, 0x66, 0x69, 0x66, 0x66, 0x66, 0x69, 0x66, 0x66, 0x66,
    0xBB, 0xBB, 0xBB, 0xBB, 0xEE, 0xEE, 0xEE, 0xEE, 0x00, 0x00, 0x00, 0x00, 0xBB, 0xBB, 0xBB, 0xBB,
    0x33, 0x33, 0x33, 0x33, 0x33, 0x33, 0x33, 0x33, 0x33, 0x63, 0x33, 0x63, 0x36, 0x63, 0x36, 0x63,
    0xBB, 0xBB, 0xBB, 0xBB, 0xEE, 0xEE, 0xEE, 0xEE, 0x00, 0x00, 0x00, 0x00, 0xBB, 0xBB, 0xBB, 0xBB,
    0x33, 0x33, 0x33, 0x33, 0x33, 0x33, 0x33, 0x63, 0x36, 0x33, 0x63, 0x63, 0x36, 0x66, 0x63, 0x66,
    0xBB, 0xBB, 0xBB, 0xBB, 0xEE, 0xEE, 0xEE, 0xEE, 0x00, 0x00, 0x00, 0x00, 0xBB, 0xBB, 0xBB, 0xBB,
    0x66, 0x36, 0x33, 0x33, 0x63, 0x36, 0x33, 0x33, 0x63, 0x66, 0x36, 0x33, 0x66, 0x66, 0x66, 0x66,
    0xBB, 0xBB, 0xBB, 0xBB, 0xEE, 0xEE, 0xEE, 0xEE, 0x00, 0x00, 0x00, 0x00, 0xBB, 0xBB, 0xBB, 0xBB,
    0x33, 0x33, 0x66, 0x33, 0x33, 0x66, 0x66, 0x33, 0x33, 0x66, 0x66, 0x36, 0x33, 0x96, 0x66, 0x36,
    0xBB, 0xBB, 0x9B, 0x96, 0xEE, 0xEE, 0x9B, 0x96, 0x00, 0x00, 0x9B, 0x96, 0xBB, 0xBB, 0x9B, 0x96,
    0x33, 0x33, 0x66, 0x96, 0x33, 0x63, 0x66, 0x96, 0x33, 0x63, 0x66, 0x96, 0x33, 0x66, 0x66, 0x96,
    0x69, 0xB9, 0x66, 0x66, 0x69, 0xB9, 0xBB, 0xBB, 0x69, 0xB9, 0xEE, 0xEE, 0x69, 0xB9, 0x66, 0x66,
    0x69, 0xB9, 0xBB, 0xBB, 0x69, 0x66, 0x66, 0x66, 0x69, 0x99, 0x99, 0x99, 0x69, 0xB9, 0xBB, 0xBB,
    0x9B, 0x66, 0x6E, 0xE3, 0x9B, 0x66, 0x66, 0xE6, 0x9B, 0x66, 0x66, 0xE6, 0x9B, 0x66, 0x63, 0xE6,
    0x9B, 0x66, 0x63, 0xE6, 0x66, 0x66, 0x66, 0xE6, 0x99, 0x99, 0x66, 0xE6, 0xBB, 0x9B, 0x66, 0xE6,
    0x66, 0x33, 0x63, 0x6F, 0x66, 0x33, 0x63, 0x6F, 0x66, 0x33, 0x63, 0x6F, 0x66, 0x63, 0x63, 0x6F,
    0x66, 0x63, 0x63, 0x6F, 0x66, 0x63, 0x63, 0x6F, 0x66, 0x63, 0x66, 0x6F, 0x66, 0x66, 0x66, 0x6F,
    0x63, 0xF6, 0x66, 0x6F, 0x69, 0xF6, 0x66, 0x6F, 0x63, 0xF6, 0x66, 0x6F, 0x66, 0x36, 0xFF, 0xFF,
    0x66, 0x36, 0x66, 0xF3, 0x66, 0x66, 0x66, 0x63, 0x66, 0x66, 0x66, 0x66, 0x66, 0x66, 0x66, 0x66,
    0x66, 0x3F, 0x66, 0xF6, 0xF6, 0x3F, 0x66, 0xF6, 0xFF, 0x36, 0x66, 0xF6, 0x66, 0x66, 0x66, 0xF6,
    0x6F, 0x66, 0x66, 0xF6, 0x6F, 0x66, 0x63, 0xF6, 0xFF, 0x66, 0x66, 0xFF, 0xF6, 0x66, 0x66, 0x6F,
    0x33, 0x63, 0x66, 0x96, 0x33, 0x66, 0x66, 0x96, 0x33, 0x66, 0x66, 0x96, 0x33, 0x66, 0x66, 0x96,
    0x33, 0x66, 0x66, 0x96, 0x36, 0x66, 0x66, 0x96, 0x36, 0x66, 0x66, 0x96, 0x36, 0x66, 0x66, 0x96,
    0x99, 0x99, 0x99, 0x99, 0xC9, 0xCC, 0xCC, 0xCC, 0xC9, 0xCC, 0xCC, 0xCC, 0xC9, 0x6C, 0x66, 0x66,
    0xC9, 0x6C, 0x66, 0x66, 0xC9, 0xCC, 0x0C, 0x00, 0xC9, 0x0C, 0x00, 0x00, 0xC9, 0x0C, 0x00, 0x00,
    0x99, 0x99, 0x99, 0x99, 0xCC, 0xCC, 0xCC, 0xCC, 0xCC, 0xCC, 0xCC, 0xCC, 0x66, 0x66, 0x66, 0x66,
    0x66, 0x66, 0x66, 0x66, 0x00, 0x00, 0x00, 0x3C, 0x00, 0x30, 0x03, 0x3C, 0x00, 0x00, 0x03, 0x3C,
    0x99, 0x99, 0x99, 0x99, 0xCC, 0xCC, 0xCC, 0xCC, 0xCC, 0xCC, 0xCC, 0xCC, 0x66, 0x66, 0x66, 0x66,
    0x66, 0x66, 0x66, 0x66, 0x06, 0xC0, 0x0C, 0x00, 0x06, 0x00, 0x00, 0x00, 0xC6, 0x00, 0x00, 0x00,
    0x99, 0x99, 0x99, 0x99, 0xCC, 0xCC, 0xCC, 0x9C, 0xCC, 0xCC, 0xCC, 0x9C, 0x66, 0x66, 0xC6, 0x9C,
    0x66, 0x66, 0xC6, 0x9C, 0x00, 0x00, 0xC0, 0x9C, 0x00, 0x30, 0xC3, 0x9C, 0x00, 0x00, 0xC3, 0x9C,
    0x69, 0x66, 0x66, 0x66, 0x69, 0x66, 0x66, 0x66, 0x69, 0x66, 0x66, 0x63, 0x69, 0x66, 0x66, 0x63,
    0x69, 0x66, 0x66, 0x63, 0x69, 0x66, 0x66, 0x66, 0x69, 0x66, 0x66, 0x66, 0x69, 0x66, 0xB6, 0x66,
    0x36, 0x63, 0x63, 0x63, 0x36, 0x36, 0x66, 0x66, 0x66, 0x36, 0x66, 0x66, 0x66, 0x36, 0x66, 0x66,
    0x66, 0x36, 0x66, 0x66, 0x66, 0x36, 0x66, 0x66, 0x66, 0x66, 0x66, 0x66, 0x66, 0x33, 0x63, 0x66,
    0x36, 0x66, 0x63, 0x66, 0x36, 0x66, 0x66, 0x66, 0x36, 0x66, 0x66, 0x66, 0x33, 0x66, 0x66, 0x66,
    0x63, 0x66, 0x66, 0x66, 0x63, 0x66, 0x66, 0x66, 0x63, 0x66, 0x66, 0x66, 0x66, 0x66, 0x66, 0x66,
    0x66, 0x66, 0x66, 0x66, 0x69, 0x66, 0x66, 0x66, 0x63, 0x66, 0x66, 0x36, 0x66, 0x36, 0x66, 0x36,
    0x66, 0x36, 0x66, 0x66, 0x66, 0x66, 0x66, 0x66, 0x66, 0x66, 0x66, 0x66, 0x66, 0x66, 0x66, 0x66,
    0x63, 0x36, 0x66, 0x66, 0x63, 0x36, 0x66, 0x66, 0x66, 0x36, 0x66, 0x66, 0x66, 0x66, 0x66, 0x66,
    0x66, 0x66, 0x66, 0x66, 0x66, 0x66, 0x63, 0x96, 0x66, 0x63, 0x66, 0x96, 0x66, 0x66, 0x66, 0x96,
    0x33, 0x66, 0x66, 0x96, 0x63, 0x66, 0x66, 0x96, 0x66, 0x66, 0x66, 0x96, 0x66, 0x66, 0x66, 0x96,
    0x66, 0x66, 0x66, 0x96, 0x99, 0x99, 0x69, 0x96, 0xCC, 0xCC, 0x69, 0x96, 0xCC, 0xCC, 0x69, 0x96,
    0x00, 0x00, 0xCC, 0x33, 0x90, 0x09, 0xCC, 0x33, 0x90, 0x09, 0xCC, 0x93, 0x90, 0x09, 0xCC, 0x93,
    0x90, 0x09, 0xCC, 0x33, 0x90, 0x09, 0xCC, 0x93, 0x90, 0x09, 0xCC, 0x93, 0x00, 0x00, 0xCC, 0x99,
    0x33, 0x39, 0x33, 0x33, 0x33, 0x33, 0x33, 0x33, 0x33, 0x33, 0x93, 0x33, 0x33, 0x93, 0x93, 0x33,
    0x33, 0x93, 0x93, 0x33, 0x33, 0x99, 0x93, 0x33, 0x93, 0x99, 0x99, 0x99, 0x99, 0x99, 0x99, 0x99,
    0x33, 0x33, 0x33, 0x33, 0x39, 0x33, 0x33, 0x33, 0x33, 0x33, 0x93, 0x93, 0x33, 0x39, 0x33, 0x93,
    0x33, 0x39, 0x33, 0x33, 0x39, 0x39, 0x33, 0x93, 0x99, 0x39, 0x39, 0x93, 0x99, 0x99, 0x99, 0x99,
    0x69, 0xB9, 0xBB, 0xBB, 0x69, 0x09, 0x00, 0x00, 0x69, 0x09, 0x99, 0x99, 0x69, 0x09, 0x00, 0x00,
    0x69, 0x09, 0x99, 0x99, 0x69, 0x09, 0x00, 0x00, 0x69, 0x66, 0x66, 0x66, 0x69, 0x66, 0x66, 0x66,
    0xBB, 0x9B, 0x66, 0xE6, 0x00, 0x90, 0x66, 0x66, 0x00, 0x90, 0x66, 0x66, 0xF0, 0xF0, 0xFF, 0xFF,
    0xF0, 0x90, 0x66, 0x66, 0x00, 0x90, 0x66, 0x66, 0x66, 0x66, 0x66, 0x66, 0x66, 0x66, 0x66, 0x66,
    0x66, 0x66, 0x66, 0x6F, 0x66, 0x66, 0x66, 0x6F, 0x66, 0x66, 0x66, 0x6F, 0xFF, 0xFF, 0xFF, 0x6F,
    0x66, 0x66, 0x66, 0x66, 0x66, 0x66, 0x66, 0x66, 0x66, 0x66, 0x66, 0x66, 0x66, 0x66, 0x66, 0x66,
    0x66, 0x66, 0x66, 0x66, 0x66, 0x66, 0x66, 0x66, 0x66, 0x66, 0x66, 0x66, 0x66, 0x66, 0x66, 0x66,
    0x66, 0x66, 0x66, 0x66, 0x66, 0x66, 0x66, 0x66, 0x66, 0x66, 0x66, 0x66, 0x66, 0x66, 0x66, 0x66,
    0xF6, 0xFF, 0xFF, 0x6F, 0x66, 0x66, 0x63, 0x66, 0x66, 0x66, 0x63, 0x66, 0x66, 0x66, 0x66, 0x66,
    0x66, 0x66, 0x66, 0x66, 0x66, 0x66, 0x66, 0x66, 0x66, 0x66, 0x66, 0x66, 0x66, 0x66, 0x66, 0x66,
    0x66, 0x66, 0x66, 0x96, 0x66, 0x66, 0x66, 0x96, 0x66, 0x66, 0x66, 0x96, 0x66, 0x66, 0x66, 0x96,
    0x66, 0x66, 0x66, 0x96, 0x66, 0x66, 0x66, 0x96, 0x66, 0x66, 0x66, 0x96, 0x66, 0x66, 0x66, 0x96,
    0xC9, 0x0C, 0x00, 0x03, 0xC9, 0x0C, 0x00, 0x33, 0xC9, 0x0C, 0x00, 0xC0, 0xC9, 0x0C, 0x00, 0x00,
    0xC9, 0x0C, 0x00, 0x03, 0xC9, 0x0C, 0x00, 0x00, 0xC9, 0xCC, 0xCC, 0xCC, 0xC9, 0x3C, 0x33, 0x33,
    0x00, 0x00, 0x00, 0x3C, 0x0C, 0x00, 0x00, 0x3C, 0x33, 0x03, 0x30, 0x3C, 0x03, 0x00, 0x00, 0x3C,
    0x00, 0x00, 0x00, 0x3C, 0x00, 0x00, 0x03, 0x3C, 0xCC, 0xCC, 0xCC, 0x3C, 0x33, 0x33, 0x33, 0x33,
    0x06, 0x00, 0x00, 0x03, 0x06, 0x00, 0x00, 0x33, 0x06, 0x00, 0x00, 0xC0, 0x06, 0x00, 0x00, 0x00,
    0x06, 0x00, 0x00, 0x03, 0x06, 0x00, 0x00, 0x00, 0xC6, 0xCC, 0xCC, 0xCC, 0x33, 0x33, 0x33, 0x33,
    0x00, 0x00, 0xC0, 0x9C, 0x0C, 0x00, 0xC0, 0x9C, 0x33, 0x03, 0xC0, 0x9C, 0x03, 0x00, 0xC0, 0x9C,
    0x00, 0x00, 0xC0, 0x9C, 0x00, 0x00, 0xC3, 0x9C, 0xCC, 0xCC, 0xCC, 0x9C, 0x33, 0x33, 0xC3, 0x9C,
    0x69, 0x66, 0xB6, 0x63, 0x69, 0x66, 0x3B, 0x33, 0x69, 0x66, 0x93, 0x39, 0x69, 0xBB, 0x93, 0xFE,
    0x69, 0xB3, 0x33, 0xB3, 0x69, 0x36, 0x63, 0x36, 0x69, 0x33, 0x66, 0x66, 0x69, 0x66, 0x66, 0x66,
    0x33, 0x66, 0x66, 0x66, 0x63, 0x66, 0x66, 0x66, 0x66, 0x66, 0x66, 0x66, 0xFF, 0xFF, 0xFF, 0xFF,
    0xBB, 0x66, 0x66, 0x66, 0x63, 0x66, 0x66, 0x66, 0x66, 0x66, 0x66, 0x66, 0x66, 0x66, 0x66, 0x66,
    0x66, 0x66, 0x66, 0x66, 0x66, 0x66, 0x66, 0x66, 0x66, 0x66, 0x66, 0x66, 0xFF, 0xFF, 0xFF, 0xFF,
    0x66, 0x66, 0x66, 0x66, 0x66, 0x66, 0x66, 0x66, 0x66, 0x66, 0x66, 0x66, 0x66, 0x66, 0x66, 0x66,
    0x66, 0x66, 0x66, 0x96, 0x66, 0x66, 0x66, 0x96, 0x66, 0x66, 0x66, 0x96, 0xFF, 0xFF, 0xFF, 0xFF,
    0x66, 0x66, 0x66, 0x96, 0x66, 0x66, 0x66, 0x96, 0x66, 0x66, 0x66, 0x66, 0x66, 0x66, 0x66, 0x66,
    0x00, 0x00, 0x69, 0x96, 0xF0, 0x0F, 0x69, 0x96, 0x00, 0x00, 0x69, 0x96, 0xF0, 0x0F, 0x69, 0x96,
    0x00, 0x00, 0x69, 0x96, 0x00, 0x00, 0x69, 0x96, 0x66, 0x66, 0x66, 0x96, 0x66, 0x66, 0x66, 0x96,
    0x33, 0xCC, 0x00, 0x00, 0x33, 0xCC, 0x90, 0x09, 0x33, 0xCC, 0x90, 0x09, 0x33, 0xCC, 0x90, 0x09,
    0x33, 0xCC, 0x90, 0x09, 0x33, 0xCC, 0x90, 0x09, 0x93, 0xCC, 0x90, 0x09, 0x99, 0xCC, 0x00, 0x00,
    0xC9, 0x6C, 0x66, 0x66, 0xC9, 0x0C, 0x00, 0x00, 0xC9, 0x0C, 0x00, 0x0C, 0xC9, 0x0C, 0x00, 0x00,
    0xC9, 0x0C, 0x00, 0x00, 0xC9, 0xCC, 0x0C, 0x00, 0xC9, 0x0C, 0x00, 0x00, 0xC9, 0x0C, 0x00, 0x00,
    0x66, 0x66, 0x66, 0x36, 0x00, 0x00, 0x00, 0x3C, 0x00, 0x00, 0x00, 0x3C, 0x00, 0x00, 0x00, 0x3C,
    0x00, 0x00, 0x00, 0x3C, 0x00, 0x00, 0x00, 0x3C, 0x00, 0x30, 0x03, 0x3C, 0x00, 0x00, 0x03, 0x3C,
    0x66, 0x66, 0x66, 0x66, 0x06, 0x00, 0x00, 0x00, 0x06, 0x0C, 0x00, 0x0C, 0x06, 0x00, 0x00, 0x00,
    0x06, 0x00, 0x00, 0x00, 0x06, 0xC0, 0x0C, 0x00, 0x06, 0x00, 0x00, 0x00, 0xC6, 0x00, 0x00, 0x00,
    0x66, 0x66, 0xC6, 0x9C, 0x00, 0x00, 0xC0, 0x9C, 0x00, 0x00, 0xC0, 0x9C, 0x00, 0x00, 0xC0, 0x9C,
    0x00, 0x00, 0xC0, 0x9C, 0x00, 0x00, 0xC0, 0x9C, 0x00, 0x30, 0xC3, 0x9C, 0x00, 0x00, 0xC3, 0x9C,
    0x00, 0xCC, 0x00, 0x00, 0x00, 0xCC, 0x90, 0x09, 0x00, 0xCC, 0x90, 0x09, 0x00, 0xCC, 0x90, 0x09,
    0x00, 0xCC, 0x90, 0x09, 0x00, 0xCC, 0x90, 0x09, 0x00, 0xCC, 0x90, 0x09, 0x00, 0xCC, 0x90, 0x09,
    0x00, 0xCC, 0x00, 0x00, 0x00, 0xCC, 0x90, 0x09, 0x00, 0xCC, 0x90, 0x09, 0x00, 0xCC, 0x90, 0x09,
    0x00, 0xCC, 0x90, 0x09, 0x00, 0xCC, 0x90, 0x09, 0x00, 0xCC, 0x90, 0x09, 0x00, 0xCC, 0x00, 0x00,
    0x00, 0x00, 0x00, 0x90, 0x00, 0x00, 0x00, 0x90, 0x00, 0x00, 0x00, 0x90, 0x00, 0x00, 0x00, 0x90,
    0x00, 0x00, 0x00, 0x90, 0x00, 0x00, 0x00, 0x90, 0x00, 0x00, 0x00, 0x90, 0x00, 0x00, 0x00, 0x90,
    0x99, 0x99, 0x99, 0x99, 0xCC, 0xCC, 0xCC, 0x9C, 0x33, 0x33, 0x33, 0x93, 0x33, 0x33, 0x33, 0x93,
    0x33, 0x3F, 0x3F, 0x93, 0x33, 0xF3, 0x33, 0xC3, 0x33, 0x3F, 0x3F, 0x33, 0x33, 0x33, 0x33, 0x93,
    0xC9, 0x0C, 0x00, 0x03, 0xC9, 0x0C, 0x00, 0x33, 0xC9, 0x0C, 0x00, 0xC0, 0xC9, 0x0C, 0x00, 0x00,
    0xC9, 0x0C, 0x00, 0x03, 0xC9, 0x0C, 0x00, 0x00, 0xC9, 0xCC, 0xCC, 0xCC, 0xC9, 0xCC, 0xCC, 0xCC,
    0x00, 0x00, 0x00, 0x3C, 0x0C, 0x00, 0x00, 0x3C, 0x33, 0x03, 0x30, 0x3C, 0x03, 0x00, 0x00, 0x3C,
    0x00, 0x00, 0x00, 0x3C, 0x00, 0x00, 0x03, 0x3C, 0xCC, 0xCC, 0xCC, 0xCC, 0xCC, 0xCC, 0xCC, 0xCC,
    0x06, 0x00, 0x00, 0x03, 0x06, 0x00, 0x00, 0x33, 0x06, 0x00, 0x00, 0xC0, 0x06, 0x00, 0x00, 0x00,
    0x06, 0x00, 0x00, 0x03, 0x06, 0x00, 0x00, 0x00, 0xCC, 0xCC, 0xCC, 0xCC, 0xCC, 0xCC, 0xCC, 0xCC,
    0x00, 0x00, 0xC0, 0x9C, 0x0C, 0x00, 0xC0, 0x9C, 0x33, 0x03, 0xC0, 0x9C, 0x03, 0x00, 0xC0, 0x9C,
    0x00, 0x00, 0xC0, 0x9C, 0x00, 0x00, 0xC3, 0x9C, 0xCC, 0xCC, 0xCC, 0x9C, 0xCC, 0xCC, 0xCC, 0x9C,
    0x33, 0x3F, 0x3F, 0xC3, 0x33, 0xFA, 0x33, 0x33, 0x33, 0x3F, 0x3F, 0x93, 0x33, 0x33, 0x33, 0x93,
    0x33, 0x3F, 0x3F, 0x93, 0x33, 0xF3, 0x33, 0x93, 0x33, 0x3F, 0x3F, 0x93, 0x33, 0x33, 0x33, 0xC3,
    0x99, 0x99, 0x99, 0x99, 0x69, 0x66, 0x66, 0x66, 0x69, 0x66, 0x66, 0x66, 0x69, 0x66, 0x66, 0x66,
    0x69, 0x99, 0x99, 0x99, 0x69, 0xB9, 0xBB, 0xBB, 0x69, 0xB9, 0x99, 0x9E, 0x69, 0xB9, 0xE9, 0x99,
    0x99, 0x99, 0x99, 0x99, 0x66, 0x66, 0x66, 0x66, 0x66, 0x66, 0x66, 0x66, 0x66, 0x66, 0x66, 0x66,
    0x99, 0x99, 0x99, 0x99, 0xBB, 0xBB, 0xBB, 0xBB, 0xE9, 0x9E, 0x99, 0x99, 0xEE, 0x99, 0x99, 0x99,
    0x99, 0x99, 0x99, 0x99, 0x66, 0x66, 0x66, 0x36, 0x66, 0x66, 0x66, 0x66, 0x66, 0x66, 0x66, 0x66,
    0x66, 0x66, 0x66, 0x66, 0x66, 0x66, 0x66, 0x66, 0x99, 0x99, 0x99, 0x99, 0x00, 0x00, 0x00, 0x00,
    0x99, 0x99, 0x99, 0x99, 0x33, 0x66, 0x66, 0x66, 0x63, 0x66, 0x66, 0x66, 0x63, 0x66, 0x66, 0x66,
    0x63, 0x66, 0x66, 0x66, 0x66, 0x66, 0x66, 0x66, 0x99, 0x99, 0x99, 0x99, 0x00, 0x00, 0x00, 0x00,
    0x99, 0x99, 0x99, 0x99, 0x66, 0x66, 0x66, 0x66, 0x66, 0x66, 0x66, 0x66, 0x66, 0x66, 0x66, 0x66,
    0x99, 0x99, 0x99, 0x99, 0xBB, 0xBB, 0xBB, 0xBB, 0x9B, 0x99, 0x99, 0x99, 0x9B, 0x99, 0x99, 0x99,
    0x99, 0x99, 0x99, 0x99, 0x66, 0x66, 0x66, 0x66, 0x66, 0x66, 0x66, 0x66, 0x66, 0x66, 0x66, 0x66,
    0x99, 0x99, 0x99, 0x99, 0xBB, 0xBB, 0xBB, 0xBB, 0x99, 0x99, 0x99, 0x99, 0x99, 0x99, 0x99, 0x99,
    0x99, 0x99, 0x99, 0x99, 0x66, 0x66, 0x66, 0x96, 0x66, 0x66, 0x66, 0x96, 0x66, 0x66, 0x66, 0x96,
    0x99, 0x99, 0x99, 0x96, 0xBB, 0xBB, 0x9B, 0x96, 0x99, 0x99, 0x9B, 0x96, 0x99, 0x99, 0x9B, 0x96,
    0xF3, 0x33, 0x33, 0x33, 0xF3, 0x33, 0x33, 0x93, 0xF3, 0xF3, 0x33, 0xC3, 0xF3, 0xF3, 0x3F, 0x33,
    0xF3, 0xFF, 0xFF, 0x93, 0x33, 0xF3, 0x3F, 0x93, 0x33, 0xF3, 0x33, 0x93, 0x33, 0x33, 0x33, 0x93,
    0x99, 0x99, 0x99, 0x99, 0x69, 0x36, 0x63, 0x36, 0x69, 0x36, 0x63, 0x36, 0x69, 0x66, 0x63, 0x66,
    0x69, 0x66, 0x66, 0x66, 0x69, 0x66, 0x66, 0x66, 0x69, 0x96, 0x99, 0x99, 0x69, 0x96, 0x66, 0x66,
    0x99, 0x99, 0x99, 0x99, 0x36, 0x66, 0x66, 0x66, 0x36, 0x66, 0x66, 0x66, 0x36, 0x66, 0x66, 0x66,
    0x66, 0x66, 0x66, 0x66, 0x66, 0x66, 0x66, 0x66, 0x99, 0x99, 0x99, 0x96, 0x66, 0x66, 0x96, 0x96,
    0x99, 0x99, 0x99, 0x99, 0x66, 0x66, 0x33, 0x33, 0x66, 0x66, 0x66, 0x33, 0x66, 0x66, 0x66, 0x36,
    0x66, 0x66, 0x66, 0x66, 0x66, 0x66, 0x66, 0x66, 0x69, 0x99, 0x99, 0x99, 0x69, 0x09, 0x00, 0x00,
    0x99, 0x99, 0x99, 0x99, 0x33, 0x66, 0x66, 0x96, 0x36, 0x66, 0x66, 0x96, 0x66, 0x66, 0x66, 0x96,
    0x66, 0x66, 0x66, 0x96, 0x66, 0x66, 0x66, 0x96, 0x99, 0x99, 0x69, 0x96, 0x00, 0x00, 0x69, 0x96,
    0x00, 0x00, 0x00, 0x00, 0x00, 0x00, 0x00, 0x00, 0x00, 0x00, 0x00, 0x01, 0x00, 0x00, 0x10, 0x11,
    0x00, 0x11, 0x11, 0x11, 0x10, 0xEE, 0xEE, 0xEE, 0xE1, 0xEE, 0xEE, 0xEE, 0x10, 0xEE, 0xEE, 0xEE,
    0x00, 0x00, 0x00, 0x00, 0x00, 0x00, 0x00, 0x00, 0x00, 0x00, 0x00, 0x00, 0x00, 0x00, 0x00, 0x00,
    0x11, 0x01, 0x00, 0x00, 0xEE, 0x1E, 0x00, 0x00, 0xEE, 0xEE, 0x01, 0x00, 0xEE, 0x1E, 0x00, 0x00,
    0x69, 0xB9, 0x9E, 0xE9, 0x69, 0xB9, 0x99, 0xEE, 0x69, 0xB9, 0xE9, 0x9E, 0x69, 0xB9, 0xEE, 0x99,
    0x69, 0xB9, 0x9E, 0x99, 0x69, 0xB9, 0x99, 0x99, 0x69, 0xB9, 0x99, 0x99, 0x69, 0xB9, 0x00, 0x00,
    0x9E, 0x99, 0x99, 0x99, 0x99, 0x99, 0x99, 0x99, 0x99, 0x99, 0x99, 0x99, 0x99, 0x99, 0x99, 0x99,
    0x99, 0x99, 0x99, 0x99, 0x99, 0x99, 0x99, 0x99, 0x99, 0x99, 0x99, 0x99, 0x00, 0x00, 0x00, 0x00,
    0x90, 0x99, 0x99, 0x99, 0x60, 0x66, 0x66, 0x66, 0x60, 0x00, 0x00, 0x60, 0x60, 0x00, 0x00, 0x60,
    0x60, 0x00, 0x00, 0x60, 0x60, 0x00, 0x00, 0x60, 0x60, 0x00, 0x00, 0x60, 0x60, 0x00, 0x00, 0x60,
    0x9B, 0x99, 0x99, 0x99, 0x9B, 0x99, 0x99, 0x99, 0x9B, 0x99, 0x99, 0x99, 0x9B, 0x99, 0x99, 0x99,
    0x9B, 0x99, 0x99, 0x99, 0x9B, 0x99, 0x99, 0x99, 0x9B, 0x99, 0x99, 0x99, 0x0B, 0x00, 0x00, 0x00,
    0x99, 0x99, 0x99, 0x99, 0x99, 0x99, 0x99, 0x99, 0x99, 0x99, 0x99, 0x99, 0x99, 0x99, 0x99, 0x99,
    0x99, 0x99, 0x99, 0x99, 0x99, 0x99, 0x99, 0x99, 0x99, 0x99, 0x99, 0x99, 0x00, 0x00, 0x00, 0x00,
    0x99, 0x99, 0x9B, 0x96, 0x99, 0x99, 0x9B, 0x96, 0x99, 0x99, 0x9B, 0x96, 0x99, 0x99, 0x9B, 0x96,
    0x99, 0x99, 0x9B, 0x96, 0x99, 0x99, 0x9B, 0x96, 0x99, 0x99, 0x9B, 0x96, 0x00, 0x00, 0x9B, 0x96,
    0x00, 0x00, 0x00, 0x90, 0x00, 0x00, 0x00, 0x00, 0x00, 0x00, 0x00, 0x00, 0x00, 0x00, 0x00, 0x00,
    0x00, 0x00, 0x00, 0x00, 0x00, 0x00, 0x00, 0x00, 0x00, 0x00, 0x00, 0x00, 0x00, 0x00, 0x00, 0x00,
    0x99, 0x99, 0x99, 0x99, 0x00, 0x00, 0x00, 0x00, 0x00, 0x00, 0x00, 0x00, 0x00, 0x00, 0x00, 0x00,
    0x00, 0x00, 0x00, 0x00, 0x00, 0x00, 0x00, 0x00, 0x00, 0x00, 0x00, 0x00, 0x00, 0x00, 0x00, 0x00,
    0x69, 0x96, 0x96, 0x96, 0x69, 0x96, 0x96, 0x96, 0x69, 0x96, 0x96, 0x96, 0x69, 0x96, 0x96, 0x96,
    0x69, 0x96, 0x96, 0x96, 0x69, 0x96, 0xC6, 0xC6, 0x69, 0x96, 0x66, 0x66, 0x69, 0x96, 0x99, 0x99,
    0x96, 0x96, 0x96, 0x96, 0x96, 0x96, 0x96, 0x96, 0x96, 0x96, 0x96, 0x96, 0x96, 0x96, 0x96, 0x96,
    0x96, 0x96, 0x96, 0x96, 0xC6, 0xC6, 0x96, 0x96, 0x66, 0x66, 0x96, 0x96, 0x99, 0x99, 0x99, 0x96,
    0x69, 0x09, 0x09, 0x09, 0x69, 0x09, 0x09, 0x09, 0x69, 0x09, 0x09, 0x09, 0x69, 0x09, 0x09, 0x09,
    0x69, 0x09, 0x09, 0x09, 0x69, 0x09, 0x0C, 0x0C, 0x69, 0x09, 0x00, 0x00, 0x69, 0x99, 0x99, 0x99,
    0x09, 0x09, 0x69, 0x96, 0x09, 0x09, 0x69, 0x96, 0x09, 0x09, 0x69, 0x96, 0x09, 0x09, 0x69, 0x96,
    0x09, 0x09, 0x69, 0x96, 0x0C, 0x0C, 0x69, 0x96, 0x00, 0x00, 0x69, 0x96, 0x99, 0x99, 0x69, 0x96,
    0x00, 0x11, 0x11, 0x11, 0x00, 0x10, 0xEE, 0xEE, 0x00, 0x00, 0x00, 0x51, 0x00, 0x00, 0x00, 0x01,
    0x00, 0x00, 0x00, 0x01, 0x00, 0x00, 0x00, 0x01, 0x00, 0x00, 0x00, 0x01, 0x00, 0x00, 0x00, 0x01,
    0x11, 0x01, 0x00, 0x00, 0x13, 0x00, 0x00, 0x00, 0x20, 0x00, 0x00, 0x00, 0x00, 0x00, 0x00, 0x00,
    0x00, 0x00, 0x00, 0x00, 0x00, 0x00, 0x00, 0x00, 0x00, 0x00, 0x00, 0x00, 0x00, 0x00, 0x00, 0x00,
    0x69, 0xB9, 0xBB, 0xBB, 0x69, 0x66, 0x66, 0x63, 0x69, 0x66, 0x66, 0x66, 0x69, 0x66, 0x66, 0x66,
    0x69, 0x66, 0x66, 0x66, 0x69, 0x66, 0x66, 0x66, 0x69, 0x66, 0x66, 0x66, 0x69, 0x66, 0x66, 0x63,
    0xBB, 0xBB, 0xBB, 0xBB, 0x33, 0x33, 0x33, 0x63, 0x33, 0x33, 0x33, 0x63, 0x33, 0x66, 0x33, 0x63,
    0x36, 0x66, 0x36, 0x63, 0x36, 0x66, 0x63, 0x63, 0x36, 0x66, 0x63, 0x66, 0x66, 0x66, 0x63, 0x66,
    0x40, 0x44, 0x44, 0x44, 0x40, 0x00, 0x00, 0x4F, 0x40, 0x00, 0x00, 0x4B, 0x40, 0x00, 0x00, 0x4B,
    0x40, 0x00, 0x00, 0x4B, 0x40, 0x00, 0x00, 0x4B, 0x40, 0x00, 0x00, 0x4B, 0x40, 0x44, 0x44, 0x44,
    0xBB, 0xBB, 0xBB, 0xBB, 0x66, 0x33, 0x33, 0x33, 0x66, 0x33, 0x33, 0x63, 0x66, 0x33, 0x63, 0x63,
    0x66, 0x33, 0x63, 0x66, 0x66, 0x33, 0x63, 0x66, 0x66, 0x33, 0x63, 0x66, 0x66, 0x33, 0x63, 0x66,
    0xBB, 0xBB, 0xBB, 0xBB, 0x66, 0x36, 0x33, 0x33, 0x63, 0x36, 0x33, 0x33, 0x63, 0x66, 0x36, 0x33,
    0x66, 0x66, 0x66, 0x33, 0x66, 0x66, 0x66, 0x33, 0x69, 0x66, 0x66, 0x33, 0x63, 0x66, 0x66, 0x33,
    0xBB, 0xBB, 0xBB, 0xBB, 0x63, 0x66, 0x66, 0x33, 0x66, 0x66, 0x66, 0x33, 0x66, 0x66, 0x66, 0x36,
    0x66, 0x96, 0x66, 0x36, 0x66, 0x36, 0x66, 0x66, 0x66, 0x36, 0x66, 0x66, 0x66, 0x36, 0x66, 0x66,
    0xBB, 0xBB, 0x9B, 0x96, 0x33, 0x33, 0x66, 0x96, 0x33, 0x63, 0x66, 0x96, 0x33, 0x63, 0x66, 0x96,
    0x33, 0x66, 0x66, 0x96, 0x33, 0x66, 0x66, 0x96, 0x63, 0x66, 0x66, 0x96, 0x63, 0x66, 0x66, 0x96,
    0x69, 0x66, 0x33, 0x66, 0x69, 0x63, 0x36, 0x66, 0x69, 0x63, 0x36, 0x66, 0x69, 0x66, 0x36, 0x66,
    0x69, 0x66, 0x66, 0x66, 0x69, 0xC6, 0x66, 0x66, 0x69, 0xC3, 0x36, 0x66, 0x69, 0xC6, 0x3C, 0x63,
    0x44, 0x44, 0x44, 0xA4, 0xA4, 0xAA, 0xAA, 0xA4, 0xA4, 0xFF, 0xAF, 0xA4, 0xA4, 0xE2, 0xA2, 0xA4,
    0xA4, 0x2F, 0xAE, 0xA4, 0xA4, 0xE2, 0xA2, 0xA4, 0xA4, 0xAA, 0xAA, 0xA4, 0x44, 0x44, 0x44, 0xA4,
    0x69, 0x66, 0x33, 0x33, 0x69, 0x66, 0x33, 0x36, 0x69, 0x66, 0x36, 0x36, 0x69, 0x66, 0x36, 0x36,
    0x69, 0x66, 0x36, 0x36, 0x69, 0x66, 0x66, 0x36, 0x69, 0x66, 0x66, 0x66, 0x69, 0x66, 0x66, 0x66,
    0x33, 0x33, 0x66, 0x96, 0x36, 0x66, 0x66, 0x96, 0x36, 0x66, 0x66, 0x96, 0x36, 0x66, 0x66, 0x96,
    0x66, 0x66, 0x66, 0x96, 0x66, 0x66, 0x66, 0x96, 0x66, 0x66, 0x63, 0x96, 0x66, 0x66, 0x66, 0x96,
    0x00, 0x00, 0x00, 0x01, 0x00, 0x00, 0x00, 0x01, 0x00, 0x00, 0x00, 0x01, 0x00, 0x00, 0x00, 0x01,
    0x00, 0x00, 0x00, 0x01, 0x00, 0x00, 0x00, 0x01, 0x00, 0x00, 0x00, 0x01, 0x00, 0x00, 0x00, 0x01,
    0x69, 0x66, 0x66, 0x63, 0x69, 0x66, 0x66, 0x63, 0x69, 0x66, 0x66, 0x66, 0x69, 0x66, 0x66, 0x66,
    0x69, 0x66, 0x66, 0x66, 0x69, 0x66, 0x66, 0x66, 0x69, 0x66, 0x66, 0x66, 0x69, 0x66, 0x66, 0x66,
    0x66, 0x66, 0x63, 0x66, 0x66, 0x66, 0x63, 0x66, 0x66, 0x66, 0x63, 0x66, 0x66, 0x66, 0x66, 0x66,
    0x66, 0x63, 0x66, 0x66, 0x66, 0x66, 0x66, 0x66, 0x66, 0x66, 0x66, 0x66, 0x66, 0x66, 0x66, 0x66,
    0x60, 0x00, 0x00, 0x60, 0x60, 0x00, 0x00, 0x60, 0x60, 0x00, 0x00, 0x60, 0x60, 0x00, 0x00, 0x60,
    0x60, 0x00, 0x00, 0x60, 0x60, 0x00, 0x00, 0x60, 0x60, 0x66, 0x66, 0x66, 0xC0, 0xCC, 0xCC, 0xCC,
    0x66, 0x63, 0x63, 0x66, 0x66, 0x63, 0x63, 0x66, 0x66, 0x63, 0x63, 0x66, 0x66, 0x63, 0x66, 0x66,
    0x66, 0x66, 0x66, 0x66, 0x66, 0x66, 0x66, 0x66, 0x66, 0x66, 0x66, 0x66, 0x66, 0x66, 0x66, 0x66,
    0x66, 0x36, 0x66, 0x33, 0x66, 0x36, 0x66, 0x63, 0x66, 0x66, 0x66, 0x63, 0x66, 0x66, 0x66, 0x66,
    0x66, 0x66, 0x66, 0x66, 0x66, 0x66, 0x66, 0x66, 0x66, 0x66, 0x66, 0x66, 0x66, 0x66, 0x66, 0x66,
    0x66, 0x66, 0x66, 0x66, 0x66, 0x66, 0x66, 0x66, 0x66, 0x66, 0x63, 0x66, 0x66, 0x63, 0x66, 0x66,
    0x66, 0x66, 0x66, 0x66, 0x66, 0x66, 0x66, 0x66, 0x66, 0x66, 0x66, 0x66, 0x66, 0x66, 0x66, 0x66,
    0x63, 0x66, 0x66, 0x96, 0x63, 0x66, 0x66, 0x96, 0x63, 0x66, 0x66, 0x96, 0x66, 0x66, 0x66, 0x96,
    0x66, 0x66, 0x66, 0x96, 0x66, 0x66, 0x66, 0x96, 0x66, 0x66, 0x66, 0x96, 0x66, 0x66, 0x66, 0x96,
    0x69, 0x66, 0x33, 0x66, 0x69, 0x66, 0x33, 0x3C, 0x69, 0xC6, 0xC3, 0x33, 0x69, 0x66, 0x33, 0xC3,
    0x69, 0x66, 0x66, 0xC3, 0x69, 0x66, 0x36, 0x63, 0x69, 0x33, 0x36, 0x33, 0x39, 0x33, 0x33, 0x33,
    0x66, 0x66, 0x66, 0x96, 0x63, 0x66, 0x66, 0x96, 0x66, 0xA6, 0x66, 0x96, 0x66, 0x36, 0x66, 0x96,
    0x6C, 0x36, 0x66, 0x96, 0x36, 0x36, 0x66, 0x96, 0x33, 0x36, 0x66, 0x96, 0x33, 0x33, 0x33, 0x96,
    0x69, 0x33, 0x66, 0x66, 0x69, 0x66, 0x66, 0x66, 0x69, 0x66, 0x66, 0x66, 0x69, 0x66, 0x36, 0x66,
    0x69, 0x66, 0x36, 0x66, 0x69, 0x66, 0x36, 0x63, 0x69, 0x36, 0x36, 0x63, 0x69, 0x33, 0x33, 0x33,
    0x63, 0x66, 0x66, 0x96, 0x66, 0x66, 0x66, 0x96, 0x36, 0x66, 0x66, 0x96, 0x36, 0x66, 0x66, 0x96,
    0x36, 0x66, 0x66, 0x96, 0x36, 0x36, 0x66, 0x96, 0x36, 0x36, 0x36, 0x96, 0x33, 0x33, 0x33, 0x96,
    0x00, 0x00, 0x00, 0x01, 0x00, 0x00, 0x00, 0x01, 0x00, 0x00, 0x00, 0x01, 0x00, 0x00, 0x00, 0x81,
    0x00, 0x00, 0xAA, 0xA1, 0x00, 0x00, 0xBA, 0xB1, 0x00, 0x00, 0xBA, 0xB1, 0x00, 0xA0, 0xBA, 0xBB,
    0x00, 0x00, 0x00, 0x00, 0x00, 0x00, 0x00, 0x00, 0x00, 0x00, 0x00, 0x00, 0x00, 0x00, 0x00, 0x00,
    0x09, 0x00, 0x00, 0x00, 0x09, 0x00, 0x00, 0x00, 0x09, 0x00, 0x00, 0x00, 0x99, 0x00, 0x00, 0x00,
    0x66, 0x66, 0x66, 0x36, 0x06, 0x00, 0x00, 0x3C, 0x06, 0x00, 0x00, 0x3C, 0x06, 0x00, 0x00, 0x3C,
    0x06, 0x00, 0x00, 0x3C, 0x06, 0x00, 0x00, 0x3C, 0xC6, 0xCC, 0xCC, 0x3C, 0x33, 0x33, 0x33, 0x33,
    0x00, 0x00, 0x00, 0x00, 0x99, 0x99, 0x00, 0x00, 0xF9, 0x9F, 0x99, 0x99, 0xF9, 0x6F, 0xFF, 0x6F,
    0x69, 0xEF, 0xEF, 0xFE, 0x69, 0xEE, 0xFE, 0xFF, 0x69, 0x66, 0x66, 0x66, 0x39, 0x33, 0x33, 0x33,
    0x90, 0x00, 0x00, 0x00, 0xF9, 0x99, 0x99, 0x00, 0xFF, 0xF9, 0x9F, 0x99, 0xFF, 0xF6, 0x66, 0x96,
    0xFE, 0xFE, 0xFF, 0x96, 0xEE, 0xFE, 0xEE, 0x96, 0x66, 0x66, 0x66, 0x96, 0x33, 0x33, 0x33, 0x93,
    0x00, 0x90, 0x0C, 0x00, 0x00, 0x90, 0x0C, 0x00, 0x00, 0x90, 0x0C, 0x00, 0x00, 0x90, 0xCC, 0xCC,
    0x00, 0x90, 0x99, 0x99, 0x00, 0x00, 0x00, 0x00, 0x00, 0x00, 0x00, 0x00, 0x00, 0x00, 0x00, 0x00,
    0x9C, 0x00, 0x00, 0x00, 0x9C, 0x00, 0x00, 0x00, 0x9C, 0x00, 0x00, 0x00, 0x9C, 0x00, 0x00, 0x00,
    0x99, 0x00, 0x00, 0x00, 0x00, 0x00, 0x00, 0x00, 0x00, 0x00, 0x00, 0x00, 0x00, 0x00, 0x00, 0x00,
    0x39, 0x33, 0x33, 0x33, 0x39, 0x33, 0x33, 0x33, 0x00, 0x00, 0x00, 0x00, 0x00, 0x00, 0x00, 0x00,
    0x00, 0x00, 0x00, 0x00, 0x00, 0x00, 0x00, 0x00, 0x00, 0x00, 0x00, 0x00, 0x00, 0x00, 0x00, 0x00,
    0x99, 0x99, 0x99, 0x99, 0x69, 0x66, 0x66, 0x66, 0x69, 0x66, 0x99, 0x99, 0x69, 0x66, 0x69, 0x66,
    0x69, 0x66, 0x69, 0x16, 0x69, 0x66, 0x69, 0x16, 0x69, 0x66, 0x69, 0x16, 0x69, 0x66, 0x69, 0x16,
    0x99, 0x99, 0x99, 0x99, 0x66, 0x66, 0x66, 0x66, 0x99, 0x99, 0x99, 0x99, 0x66, 0x66, 0x66, 0x66,
    0x11, 0x11, 0x11, 0x66, 0x11, 0x11, 0x11, 0x66, 0x66, 0x66, 0x16, 0x66, 0x11, 0x11, 0x11, 0x66,
    0x00, 0x00, 0x00, 0x00, 0x00, 0x00, 0x00, 0x00, 0x00, 0x00, 0x00, 0x00, 0x00, 0x00, 0x00, 0x00,
    0x00, 0x00, 0x00, 0x00, 0x00, 0x00, 0x00, 0x00, 0x90, 0x99, 0x99, 0x99, 0xF9, 0xFF, 0xFF, 0xFF,
    0x00, 0x00, 0x00, 0x00, 0x00, 0x00, 0x00, 0x00, 0x00, 0x00, 0x00, 0x00, 0x00, 0x00, 0x00, 0x00,
    0x00, 0x00, 0x00, 0x00, 0x00, 0x00, 0x00, 0x00, 0x99, 0x99, 0x09, 0x00, 0xFF, 0xFF, 0x9F, 0x00,
    0x69, 0x66, 0x69, 0x16, 0x69, 0x66, 0x69, 0x16, 0x69, 0x66, 0x69, 0x16, 0x69, 0x66, 0x69, 0x16,
    0x69, 0x66, 0x69, 0x16, 0x69, 0x66, 0x69, 0x16, 0x69, 0x66, 0x69, 0x16, 0x69, 0x66, 0x69, 0x16,
    0x66, 0x66, 0x16, 0x66, 0x11, 0x11, 0x11, 0x66, 0x66, 0x66, 0x16, 0x66, 0x11, 0x11, 0x11, 0x66,
    0x66, 0x66, 0x16, 0x66, 0x11, 0x11, 0x11, 0x66, 0x66, 0x66, 0x16, 0x66, 0x11, 0x11, 0x11, 0x66,
    0xF9, 0xFF, 0xFF, 0xFF, 0xF9, 0xFF, 0xFF, 0xFF, 0xF9, 0xFF, 0xFF, 0xFF, 0xF9, 0xFF, 0xFF, 0xFF,
    0xF9, 0xFE, 0xFE, 0xFE, 0xF9, 0xFE, 0xFE, 0xFE, 0xF9, 0xFE, 0xFE, 0xFE, 0xC9, 0x99, 0x99, 0x99,
    0xFF, 0xFF, 0x9F, 0x00, 0xFF, 0xFF, 0x9F, 0x00, 0xFF, 0xFF, 0x9F, 0x00, 0xFF, 0xFF, 0x9F, 0x00,
    0xFE, 0xFE, 0x9E, 0x00, 0xFE, 0xFE, 0x9E, 0x00, 0xFE, 0xFE, 0x9E, 0x00, 0x99, 0x99, 0x9C, 0x00,
    0x69, 0x66, 0x69, 0x16, 0x69, 0x66, 0x69, 0x16, 0x69, 0x66, 0x69, 0x16, 0x69, 0x66, 0x69, 0x16,
    0x69, 0x66, 0x69, 0x16, 0x69, 0x66, 0x69, 0xC6, 0x69, 0x66, 0xC9, 0xCC, 0x69, 0x66, 0xC9, 0xCC,
    0x66, 0x66, 0x16, 0x66, 0x11, 0x11, 0x11, 0x66, 0x66, 0x66, 0x16, 0x66, 0x11, 0x11, 0x11, 0x66,
    0x11, 0x11, 0x11, 0x66, 0xCC, 0xCC, 0xCC, 0x66, 0xCC, 0xCC, 0xCC, 0xCC, 0xCC, 0xCC, 0xCC, 0xCC,
    0xC9, 0x39, 0x33, 0x33, 0xC9, 0x39, 0x33, 0x33, 0xC9, 0x39, 0x33, 0x33, 0xC9, 0x39, 0x33, 0xCC,
    0xC9, 0x66, 0xC6, 0xEE, 0xC9, 0xE6, 0x36, 0xCC, 0xC9, 0x96, 0x66, 0x33, 0xC9, 0x96, 0x66, 0x33,
    0x54, 0x93, 0x9C, 0x33, 0x33, 0x93, 0x9C, 0x33, 0x33, 0x93, 0x9C, 0x33, 0xCC, 0x9C, 0x9C, 0x99,
    0xEE, 0xCE, 0x6C, 0x96, 0xCC, 0x3C, 0x3C, 0x93, 0x33, 0x63, 0x9C, 0x33, 0x33, 0x63, 0x9C, 0x99,
    0xC9, 0xCC, 0xCC, 0xCC, 0xC9, 0xCC, 0xCC, 0xCC, 0x69, 0x66, 0x66, 0x66, 0x69, 0x66, 0x66, 0x66,
    0x69, 0x66, 0x66, 0x66, 0x69, 0x66, 0x66, 0x66, 0x69, 0x66, 0x66, 0x66, 0x69, 0x66, 0x66, 0x66,
    0xCC, 0xCC, 0xCC, 0xCC, 0xCC, 0xCC, 0xCC, 0xCC, 0x66, 0x66, 0x66, 0x66, 0x66, 0x66, 0x66, 0x66,
    0x66, 0x66, 0x66, 0x66, 0x66, 0x66, 0x66, 0x66, 0x66, 0x66, 0x66, 0x66, 0x66, 0x66, 0x66, 0x66,
    0x69, 0x66, 0x66, 0x36, 0x69, 0x66, 0x66, 0x66, 0x69, 0x66, 0x66, 0x66, 0x69, 0x66, 0x66, 0x66,
    0x69, 0x66, 0x66, 0x66, 0x69, 0x66, 0x36, 0x66, 0x69, 0x66, 0x66, 0x66, 0x69, 0x66, 0x66, 0x66,
    0x33, 0x63, 0x36, 0x33, 0x33, 0x66, 0x66, 0x33, 0x36, 0x66, 0x66, 0x36, 0x36, 0x66, 0x66, 0x36,
    0x66, 0x66, 0x66, 0x36, 0x66, 0x66, 0x66, 0x66, 0x66, 0x66, 0x66, 0x66, 0x66, 0x66, 0x66, 0x66,
    0x63, 0x66, 0x33, 0x33, 0x66, 0x66, 0x36, 0x66, 0x66, 0x66, 0x36, 0x66, 0x63, 0x66, 0x66, 0x66,
    0x66, 0x66, 0x66, 0x66, 0x66, 0x66, 0x66, 0x66, 0x66, 0x66, 0x66, 0x66, 0x66, 0x66, 0x66, 0x66,
    0x33, 0x66, 0x66, 0x96, 0x33, 0x66, 0x66, 0x96, 0x33, 0x66, 0x66, 0x96, 0x36, 0x66, 0x66, 0x96,
    0x66, 0x66, 0x66, 0x96, 0x36, 0x66, 0x66, 0x96, 0x36, 0x66, 0x66, 0x96, 0x66, 0x66, 0x66, 0x96,
    0xC9, 0x66, 0x66, 0x66, 0x39, 0x33, 0x33, 0x93, 0x39, 0x33, 0x33, 0xC9, 0x39, 0x33, 0x93, 0x3C,
    0x39, 0x33, 0xC3, 0x33, 0x39, 0x33, 0xC3, 0x33, 0x99, 0x99, 0x99, 0x3C, 0x99, 0x45, 0x33, 0xC9,
    0x66, 0x66, 0x6C, 0x96, 0x99, 0x39, 0x33, 0x93, 0xCC, 0x9C, 0x93, 0x33, 0x33, 0xC3, 0x99, 0x33,
    0xCC, 0x33, 0x9C, 0x33, 0xCC, 0x33, 0x9C, 0x33, 0x33, 0xC3, 0x99, 0x33, 0xCC, 0x9C, 0x33, 0x33,
    0xC9, 0xCC, 0xCC, 0xCC, 0xC9, 0xCC, 0xCC, 0xCC, 0xC9, 0xCC, 0xCC, 0xCC, 0xC9, 0xCC, 0xCC, 0xCC,
    0x09, 0x99, 0x99, 0x99, 0x09, 0x09, 0x00, 0x00, 0x09, 0x09, 0x00, 0x00, 0x09, 0x09, 0x00, 0x00,
    0x69, 0x66, 0x66, 0x66, 0x69, 0x66, 0x66, 0x66, 0x69, 0x66, 0x66, 0x66, 0x69, 0x66, 0x66, 0x66,
    0x69, 0x66, 0x66, 0x66, 0x69, 0x66, 0x66, 0x66, 0x69, 0x66, 0x66, 0x66, 0x99, 0x99, 0x99, 0x99,
    0x66, 0x66, 0x66, 0x66, 0x66, 0x66, 0x66, 0x66, 0x66, 0x66, 0x66, 0x66, 0x66, 0x66, 0x66, 0x66,
    0x66, 0x66, 0x66, 0x66, 0x66, 0x66, 0x66, 0x66, 0x66, 0x66, 0x66, 0x66, 0x99, 0x99, 0x99, 0x99,
    0x99, 0x99, 0x99, 0x99, 0x69, 0x66, 0x66, 0x66, 0x69, 0x66, 0x66, 0x66, 0x69, 0x66, 0x66, 0x66,
    0x69, 0x96, 0x99, 0x99, 0x69, 0x96, 0x66, 0x66, 0x69, 0x96, 0xE6, 0xF6, 0x69, 0x96, 0xE6, 0xE6,
    0x99, 0x99, 0x99, 0x99, 0x66, 0x66, 0x66, 0x66, 0x66, 0x66, 0x66, 0x66, 0x66, 0x66, 0x66, 0x66,
    0x99, 0x99, 0x99, 0x99, 0x66, 0x66, 0x66, 0x66, 0xE6, 0xF6, 0xE6, 0xE6, 0xF6, 0xE6, 0xE6, 0xE6,
    0x99, 0x99, 0x99, 0x99, 0x66, 0x66, 0x66, 0x66, 0x66, 0x66, 0x66, 0x66, 0x66, 0x66, 0x66, 0x66,
    0x99, 0x66, 0x66, 0x66, 0x96, 0x66, 0x66, 0x66, 0x96, 0x66, 0x66, 0x66, 0x96, 0x66, 0x66, 0x66,
    0x99, 0x99, 0x99, 0x99, 0x66, 0x66, 0x66, 0x66, 0x66, 0x66, 0x66, 0x66, 0x66, 0x66, 0x66, 0x66,
    0x66, 0x66, 0x66, 0x66, 0x66, 0x66, 0x66, 0x99, 0x66, 0x66, 0x66, 0xC9, 0x66, 0x66, 0x66, 0xC9,
    0x99, 0x99, 0x99, 0x99, 0x66, 0x66, 0x66, 0x66, 0x66, 0x66, 0x66, 0x66, 0x66, 0x99, 0x99, 0x69,
    0x66, 0x69, 0x66, 0x69, 0x99, 0x69, 0x66, 0x69, 0xCC, 0xCC, 0x6C, 0x69, 0xC6, 0x6C, 0x9C, 0x69,
    0x99, 0x99, 0x99, 0x99, 0xF6, 0x66, 0x66, 0x96, 0xF6, 0x66, 0x66, 0x96, 0xF6, 0x66, 0x66, 0x96,
    0xF6, 0x66, 0x66, 0x96, 0xF6, 0x66, 0x66, 0x96, 0xF6, 0x66, 0x66, 0x96, 0xF6, 0x66, 0x66, 0x96,
    0x69, 0x96, 0xF6, 0xE6, 0x69, 0x96, 0xE6, 0xF6, 0x69, 0x96, 0xE6, 0xF6, 0x69, 0x96, 0xF6, 0xE6,
    0x69, 0x96, 0xF6, 0xE6, 0x69, 0x96, 0xE6, 0xE6, 0x69, 0x96, 0xE6, 0xE6, 0x69, 0x96, 0xC6, 0xC6,
    0xF6, 0xE6, 0xE6, 0xE6, 0xE6, 0xE6, 0xE6, 0xE6, 0xE6, 0xE6, 0xE6, 0xE6, 0xE6, 0xE6, 0xE6, 0xE6,
    0xE6, 0xE6, 0xE6, 0xE6, 0xE6, 0xE6, 0xE6, 0xE6, 0xE6, 0xE6, 0xE6, 0xE6, 0xC6, 0xC6, 0xC6, 0xC6,
    0x96, 0x66, 0x66, 0x66, 0x96, 0x66, 0x66, 0x66, 0x96, 0x66, 0x66, 0x66, 0x96, 0x66, 0x66, 0x66,
    0x96, 0x66, 0x66, 0x66, 0x96, 0x66, 0x66, 0x66, 0x96, 0x66, 0x66, 0x66, 0x96, 0x66, 0x66, 0x66,
    0x66, 0x66, 0x66, 0xC9, 0x66, 0x66, 0x66, 0xC9, 0x66, 0x66, 0x66, 0xC9, 0x66, 0x66, 0x66, 0x99,
    0x66, 0x66, 0x66, 0x66, 0x66, 0x66, 0x66, 0x66, 0x66, 0x66, 0x66, 0x66, 0x66, 0x66, 0x66, 0x66,
    0xCC, 0xCC, 0x9C, 0x66, 0xC6, 0x6C, 0x9C, 0x66, 0xCC, 0xCC, 0x9C, 0x66, 0x99, 0x99, 0x99, 0x66,
    0x66, 0x66, 0x66, 0x66, 0x66, 0x66, 0x66, 0x66, 0x66, 0x66, 0x66, 0x66, 0x66, 0x66, 0x66, 0x66,
    0xF6, 0x66, 0x66, 0x96, 0xF6, 0x66, 0x66, 0x96, 0xF6, 0x66, 0x66, 0x96, 0xF6, 0x66, 0x66, 0x96,
    0xF6, 0x66, 0x66, 0x96, 0xF6, 0x66, 0x66, 0x96, 0xF6, 0xFF, 0xFF, 0x96, 0x66, 0x66, 0xF6, 0x96,
    0x69, 0x96, 0x66, 0x66, 0x69, 0x96, 0x99, 0x99, 0x69, 0x66, 0x36, 0x33, 0x69, 0x66, 0x66, 0x33,
    0x69, 0x66, 0x66, 0x63, 0x69, 0x66, 0x66, 0x63, 0x69, 0x66, 0x66, 0x63, 0x69, 0x66, 0x66, 0x66,
    0x66, 0x66, 0x66, 0x66, 0x99, 0x99, 0x99, 0x99, 0x33, 0x33, 0x33, 0x33, 0x36, 0x66, 0x33, 0x36,
    0x36, 0x66, 0x36, 0x36, 0x36, 0x66, 0x66, 0x36, 0x36, 0x66, 0x36, 0x36, 0x66, 0x66, 0x36, 0x36,
    0x96, 0x66, 0x66, 0x66, 0x99, 0x66, 0x66, 0x66, 0x63, 0x66, 0x66, 0x66, 0x66, 0x66, 0x66, 0x66,
    0x66, 0x66, 0x66, 0x66, 0x66, 0x66, 0x66, 0x66, 0x66, 0x66, 0x66, 0x66, 0x66, 0x66, 0x66, 0x66,
    0x66, 0x66, 0x96, 0x99, 0x66, 0x66, 0x96, 0xCC, 0x66, 0x66, 0x96, 0xCC, 0x66, 0x66, 0x96, 0xCC,
    0x66, 0x66, 0x96, 0x00, 0x66, 0x66, 0x96, 0x00, 0x66, 0x66, 0x96, 0x00, 0x66, 0x66, 0x96, 0xC0,
    0x99, 0x99, 0x99, 0x99, 0xCC, 0xCC, 0xCC, 0xCC, 0xCC, 0xCC, 0xCC, 0xCC, 0xCC, 0xCC, 0xCC, 0xCC,
    0x00, 0x00, 0x00, 0x00, 0xC0, 0xCC, 0x0C, 0x00, 0x3C, 0x13, 0xC1, 0x00, 0x31, 0x31, 0x11, 0x0C,
    0x99, 0x99, 0xF9, 0x96, 0xCC, 0xCC, 0xF9, 0x96, 0xCC, 0xCC, 0xF9, 0x96, 0xCC, 0xCC, 0xF9, 0x96,
    0x00, 0x00, 0xF9, 0x96, 0x00, 0x00, 0xF9, 0x96, 0xCC, 0x0C, 0xF9, 0x96, 0x11, 0x01, 0xF9, 0x96,
    0x66, 0x66, 0x96, 0x10, 0x66, 0x66, 0x96, 0x10, 0x66, 0x66, 0x96, 0x30, 0x66, 0x66, 0x96, 0x00,
    0x66, 0x66, 0x96, 0x00, 0x66, 0x66, 0x96, 0x00, 0xCC, 0xCC, 0xCC, 0x1C, 0xCC, 0xCC, 0xCC, 0xCC,
    0x11, 0x31, 0x11, 0x01, 0x11, 0xCC, 0x11, 0x03, 0x33, 0xCC, 0x33, 0x03, 0x13, 0x11, 0x33, 0x00,
    0x30, 0x11, 0x01, 0x00, 0x00, 0x00, 0x00, 0x00, 0x11, 0xCC, 0xCC, 0xCC, 0xCC, 0xCC, 0xCC, 0xCC,
    0x11, 0x01, 0xF9, 0x96, 0x00, 0x00, 0xF9, 0x96, 0x11, 0x01, 0xF9, 0x96, 0x00, 0x00, 0xFF, 0x96,
    0x11, 0x01, 0x69, 0x96, 0x00, 0x00, 0x69, 0x96, 0x11, 0xC1, 0xCC, 0x9C, 0xCC, 0xCC, 0xCC, 0x9C,
    0xC9, 0xCC, 0xCC, 0xCC, 0xC9, 0xCC, 0xCC, 0xCC, 0x69, 0x66, 0x66, 0x66, 0x69, 0xCC, 0xCC, 0xCC,
    0x69, 0xFC, 0xFF, 0xFF, 0x69, 0xFC, 0xFC, 0xCF, 0x69, 0xFC, 0xFF, 0xFC, 0x69, 0xFC, 0xFF, 0xFC,
    0xCC, 0xCC, 0xCC, 0xCC, 0xCC, 0xCC, 0xCC, 0xCC, 0x66, 0x66, 0x66, 0x66, 0xCC, 0xCC, 0xCC, 0xCC,
    0xFF, 0xFF, 0xFF, 0xFF, 0xFC, 0xCC, 0xFF, 0xFC, 0xCF, 0xFF, 0xFC, 0xFF, 0xFF, 0xFF, 0xFC, 0xFF,
    0xCC, 0xCC, 0xCC, 0xCC, 0xCC, 0xCC, 0xCC, 0xCC, 0x66, 0x66, 0x66, 0x66, 0x6C, 0x66, 0x66, 0x66,
    0x6C, 0x66, 0x66, 0x66, 0xFC, 0xFF, 0xFF, 0xFF, 0x6C, 0x66, 0x66, 0x66, 0xFC, 0xFF, 0xFF, 0xFF,
    0xCC, 0xCC, 0xCC, 0xCC, 0xCC, 0xCC, 0xCC, 0xCC, 0x66, 0x66, 0x66, 0x66, 0x66, 0x66, 0x66, 0x66,
    0x66, 0x66, 0x66, 0x66, 0xFF, 0xFF, 0xFF, 0xFF, 0x66, 0x66, 0x66, 0x66, 0xFF, 0xFF, 0xFF, 0xFF,
    0xCC, 0xCC, 0xCC, 0x9C, 0xCC, 0xCC, 0xCC, 0x9C, 0x66, 0x66, 0x66, 0x96, 0x66, 0x66, 0x66, 0x96,
    0x66, 0x66, 0x66, 0x96, 0xFF, 0xFF, 0xFF, 0x9F, 0x66, 0x66, 0x66, 0x96, 0xFF, 0xFF, 0xFF, 0x9F,
    0x99, 0x99, 0x99, 0x99, 0x69, 0x66, 0x66, 0x66, 0x69, 0x66, 0x66, 0x66, 0x69, 0x99, 0x99, 0x99,
    0x69, 0xC9, 0xCC, 0xCC, 0x69, 0xC9, 0xCC, 0xCC, 0x69, 0xC9, 0xEC, 0xEE, 0x69, 0xC9, 0xEC, 0xEE,
    0x99, 0x99, 0x99, 0x99, 0x66, 0x66, 0x66, 0x66, 0x66, 0x66, 0x66, 0x66, 0x99, 0x99, 0x99, 0x99,
    0xCC, 0xCC, 0xCC, 0xCC, 0xCC, 0xCC, 0xCC, 0xCC, 0xEE, 0xFF, 0xEE, 0xEF, 0xEE, 0xFE, 0xEF, 0xFE,
    0xBA, 0xBB, 0xBB, 0xBB, 0xBA, 0xBB, 0xBB, 0xBB, 0x3A, 0x33, 0x33, 0x33, 0xEA, 0xDE, 0xEE, 0xDE,
    0xEA, 0xDE, 0xEE, 0xDE, 0xEA, 0xDE, 0xEE, 0xDE, 0xEA, 0xDE, 0xEE, 0xDE, 0xEA, 0xDE, 0xEE, 0xDE,
    0xBB, 0xBB, 0xBB, 0xBB, 0xBB, 0xBB, 0xBB, 0xBB, 0x33, 0x33, 0x33, 0x33, 0xEE, 0xDE, 0xEE, 0xDE,
    0xEE, 0xDE, 0xEE, 0xDE, 0xEE, 0xDE, 0xEE, 0xDE, 0xEE, 0xDE, 0xEE, 0xDE, 0xEE, 0xDE, 0xEE, 0xDE,
    0xBB, 0xBB, 0xBB, 0xAB, 0xBB, 0xBB, 0xBB, 0xAB, 0x33, 0x33, 0x33, 0xA3, 0xEE, 0xDE, 0xEE, 0xAE,
    0xEE, 0xDE, 0xEE, 0xAE, 0xEE, 0xDE, 0xEE, 0xAE, 0xEE, 0xDE, 0xEE, 0xAE, 0xEE, 0xDE, 0xEE, 0xAE,
    0x69, 0xFC, 0xFF, 0xCF, 0x69, 0xFC, 0xCF, 0xFF, 0x69, 0xFC, 0xFC, 0xFC, 0x69, 0xFC, 0xFF, 0xCC,
    0x69, 0xFC, 0xFF, 0xFF, 0x69, 0xCC, 0xCC, 0xCC, 0x69, 0x66, 0x66, 0x66, 0x99, 0x99, 0x99, 0x99,
    0xFF, 0xCF, 0xFF, 0xFF, 0xFC, 0xFC, 0xCF, 0xFF, 0xCF, 0xFF, 0xFC, 0xFC, 0xFF, 0xCF, 0xFC, 0xFF,
    0xFF, 0xFF, 0xFF, 0xFF, 0xCC, 0xCC, 0xCC, 0xCC, 0x66, 0x66, 0x66, 0x66, 0x99, 0x99, 0x99, 0x99,
    0x6C, 0x66, 0x66, 0x66, 0xFC, 0xFF, 0xFF, 0xFF, 0x6C, 0x66, 0x66, 0x66, 0xFC, 0xFF, 0xFF, 0xFF,
    0x6C, 0x66, 0x66, 0x66, 0x6C, 0x66, 0x66, 0x66, 0x66, 0x66, 0x66, 0x66, 0x99, 0x99, 0x99, 0x99,
    0x66, 0x66, 0x66, 0x66, 0xFF, 0xFF, 0xFF, 0xFF, 0x66, 0x66, 0x66, 0x66, 0xFF, 0xFF, 0xFF, 0xFF,
    0x66, 0x66, 0x66, 0x66, 0x66, 0x66, 0x66, 0x66, 0x66, 0x66, 0x66, 0x66, 0x99, 0x99, 0x99, 0x99,
    0x66, 0x66, 0x66, 0x96, 0xFF, 0xFF, 0xFF, 0x9F, 0x66, 0x66, 0x66, 0x96, 0xFF, 0xFF, 0xFF, 0x9F,
    0x66, 0x66, 0x66, 0x96, 0x66, 0x66, 0x66, 0x96, 0x66, 0x66, 0x66, 0x96, 0x99, 0x99, 0x99, 0x99,
    0x69, 0xC9, 0xEC, 0xEE, 0x69, 0xC9, 0xEC, 0xEE, 0x69, 0xC9, 0xEC, 0xEE, 0x69, 0xC9, 0xEC, 0xEE,
    0x69, 0xC9, 0xEC, 0xEE, 0x69, 0xC9, 0xEC, 0xEE, 0x69, 0xC9, 0xEC, 0xEE, 0x69, 0xC9, 0xEC, 0xEE,
    0xEE, 0xEE, 0xFF, 0xEE, 0xEE, 0xEE, 0xFE, 0xEF, 0xEE, 0xE9, 0xEE, 0xFF, 0x9E, 0x9E, 0xEE, 0xFE,
    0xE9, 0xEE, 0xE9, 0xEE, 0xCC, 0xCC, 0xEC, 0xEE, 0xCC, 0xCC, 0xEC, 0xEE, 0xEE, 0xEE, 0xEE, 0xEE,
    0xF9, 0xEF, 0xFF, 0xEF, 0xF9, 0xEF, 0xFF, 0xEF, 0xF9, 0xEF, 0xFF, 0xEF, 0xF9, 0xEF, 0xFF, 0xEF,
    0xE9, 0x9E, 0xEE, 0x9E, 0xE9, 0x9E, 0xEE, 0x9E, 0xE9, 0x9E, 0xEE, 0x9E, 0x99, 0x99, 0x99, 0x99,
    0xFF, 0xEF, 0xFF, 0xEF, 0xFF, 0xEF, 0xFF, 0xEF, 0xFF, 0xEF, 0xFF, 0xEF, 0xFF, 0xEF, 0xFF, 0xEF,
    0xEE, 0x9E, 0xEE, 0x9E, 0xEE, 0x9E, 0xEE, 0x9E, 0xEE, 0x9E, 0xEE, 0x9E, 0x99, 0x99, 0x99, 0x99,
    0xFF, 0xEF, 0xFF, 0x9F, 0xFF, 0xEF, 0xFF, 0x9F, 0xFF, 0xEF, 0xFF, 0x9F, 0xFF, 0xEF, 0xFF, 0x9F,
    0xEE, 0x9E, 0xEE, 0x9E, 0xEE, 0x9E, 0xEE, 0x9E, 0xEE, 0x9E, 0xEE, 0x9E, 0x99, 0x99, 0x99, 0x99,
    0x99, 0x99, 0x99, 0x99, 0x69, 0x6F, 0x66, 0x33, 0x69, 0x6F, 0x66, 0x36, 0x69, 0x6F, 0xCC, 0xCC,
    0x69, 0x6F, 0xEC, 0xEE, 0x69, 0x6F, 0xEC, 0xFE, 0x69, 0x6F, 0xEC, 0xEF, 0x69, 0x6F, 0xFC, 0xEE,
    0x99, 0x99, 0x99, 0x99, 0x63, 0x66, 0x66, 0x66, 0x66, 0x66, 0x66, 0x66, 0xCC, 0xCC, 0xCC, 0xCC,
    0xEF, 0xFE, 0xFF, 0xEE, 0xEE, 0xFF, 0xEF, 0xEE, 0xFE, 0xFF, 0xEE, 0xEE, 0xFF, 0xEF, 0xEE, 0xEE,
    0x99, 0x99, 0x99, 0x99, 0x66, 0x66, 0x66, 0x66, 0x66, 0x66, 0x66, 0x66, 0xCC, 0xCC, 0xCC, 0xCC,
    0xEE, 0xEE, 0xEE, 0xEE, 0xEE, 0xEE, 0xEE, 0xEE, 0xEE, 0xEE, 0xEE, 0xEE, 0xEE, 0xEE, 0xEE, 0xEE,
    0x99, 0x99, 0x99, 0x99, 0x63, 0x66, 0x36, 0x66, 0x63, 0x66, 0x66, 0x63, 0xCC, 0xCC, 0xCC, 0xCC,
    0xEE, 0xEE, 0xEE, 0xEE, 0xEE, 0xEE, 0xEE, 0xEE, 0xEE, 0xEE, 0xEE, 0xEE, 0xEE, 0xEE, 0xEE, 0xEE,
    0x99, 0x99, 0x99, 0x99, 0x66, 0x33, 0x66, 0x36, 0x66, 0x63, 0x66, 0x36, 0xCC, 0xCC, 0xCC, 0xCC,
    0xEE, 0xEE, 0xEE, 0xEE, 0xEE, 0xEE, 0xEE, 0xEE, 0xEE, 0xEE, 0xEE, 0xEE, 0xEE, 0xEE, 0xEE, 0xEE,
    0x99, 0x99, 0x99, 0x99, 0x66, 0x66, 0x66, 0x96, 0x66, 0x66, 0x66, 0x96, 0xCC, 0xCC, 0x66, 0x96,
    0xEE, 0xCE, 0x66, 0x96, 0xEE, 0xCE, 0x66, 0x96, 0xEE, 0xCE, 0x66, 0x96, 0xEE, 0xCE, 0x66, 0x96,
    0x69, 0xC9, 0xEC, 0xEE, 0x69, 0xC9, 0xEC, 0xEE, 0x69, 0xC9, 0xEC, 0xEE, 0x69, 0xC9, 0xEC, 0xEE,
    0x69, 0xC9, 0xEC, 0xEE, 0x69, 0xC9, 0xCC, 0xCC, 0x69, 0xC9, 0x3C, 0x33, 0x69, 0xC9, 0xCC, 0xCC,
    0xEE, 0xEE, 0xEE, 0xEE, 0xEE, 0xEE, 0xEE, 0xEE, 0xEE, 0xEE, 0xEE, 0xEE, 0xEE, 0xEE, 0xEE, 0xEE,
    0xEE, 0xEE, 0xEE, 0xEE, 0xCC, 0xCC, 0xCC, 0xCC, 0xCC, 0xCC, 0xCC, 0xCC, 0xCC, 0xCC, 0xCC, 0xCC,
    0x69, 0x6F, 0xEC, 0xFE, 0x69, 0x6F, 0xEC, 0xFF, 0x69, 0x6F, 0xFC, 0xFF, 0x69, 0x6F, 0xFC, 0xEF,
    0x69, 0x6F, 0xFC, 0xEE, 0x69, 0x6F, 0xEC, 0xEE, 0x69, 0x6F, 0xEC, 0xEE, 0x69, 0x6F, 0xEC, 0xEE,
    0xFF, 0xEE, 0xEE, 0xEE, 0xEF, 0xEE, 0xEE, 0xEE, 0xEE, 0xEE, 0xEE, 0xEE, 0xEE, 0xEE, 0xEE, 0xEE,
    0xEE, 0xEE, 0xEE, 0xEE, 0xEE, 0xEE, 0xEE, 0xEE, 0xEE, 0xEE, 0xEE, 0xEE, 0xEE, 0xEE, 0xEE, 0xEE,
    0xEE, 0xEE, 0xEE, 0xEE, 0xEE, 0xEE, 0xEE, 0xEE, 0xEE, 0xEE, 0xEE, 0xEE, 0xEE, 0xEE, 0xEE, 0xEE,
    0xEE, 0xEE, 0xEE, 0xEE, 0xEE, 0xEE, 0xEE, 0xEE, 0xEE, 0xEE, 0xEE, 0xEE, 0xEE, 0xEE, 0xEE, 0xEE,
    0xEE, 0xCE, 0x66, 0x96, 0xEE, 0xCE, 0x66, 0x96, 0xEE, 0xCE, 0x66, 0x96, 0xEE, 0xCE, 0x66, 0x96,
    0xEE, 0xCE, 0x66, 0x96, 0xEE, 0xCE, 0x66, 0x96, 0xEE, 0xCE, 0x66, 0x96, 0xEE, 0xCE, 0x66, 0x96,
    0x69, 0xC9, 0xEC, 0xEE, 0x69, 0xC9, 0xEC, 0xEE, 0x69, 0xC9, 0xEC, 0xEE, 0x69, 0xC9, 0xEC, 0xEE,
    0x69, 0xC9, 0xEC, 0xEE, 0x69, 0xC9, 0xEC, 0xEE, 0x69, 0xC9, 0xCC, 0xCC, 0x69, 0xC9, 0xCC, 0xCC,
    0xEE, 0xEE, 0xEE, 0xEE, 0xEE, 0xEE, 0xEE, 0xEE, 0xEE, 0xEE, 0xEE, 0xEE, 0xEE, 0xEE, 0xEE, 0xEE,
    0xEE, 0xEE, 0xEE, 0xEE, 0xEE, 0xEE, 0xEE, 0xEE, 0xCC, 0xCC, 0xCC, 0xCC, 0xCC, 0xCC, 0xCC, 0xCC,
    0x69, 0x6F, 0xEC, 0xEE, 0x69, 0x6F, 0xEC, 0xEE, 0x69, 0x6F, 0xEC, 0xEE, 0x69, 0x6F, 0xEC, 0xEE,
    0x69, 0x6F, 0xEC, 0xEE, 0x69, 0x6F, 0xCC, 0xCC, 0x69, 0x6F, 0x33, 0x33, 0x69, 0x6F, 0x33, 0x33,
    0xEE, 0xEE, 0xEE, 0xEE, 0xEE, 0xEE, 0xEE, 0xEE, 0xEE, 0xEE, 0xEE, 0xEE, 0xEE, 0xEE, 0xEE, 0xEE,
    0xEE, 0xEE, 0xEE, 0xEE, 0xCC, 0xCC, 0xCC, 0xCC, 0x33, 0x33, 0x33, 0x33, 0x33, 0x63, 0x36, 0x36,
    0xEE, 0xEE, 0xEE, 0xEE, 0xEE, 0xEE, 0xEE, 0xEE, 0xEE, 0xEE, 0xEE, 0xEE, 0xEE, 0xEE, 0xEE, 0xEE,
    0xEE, 0xEE, 0xEE, 0xEE, 0xCC, 0xCC, 0xCC, 0xCC, 0x63, 0x66, 0x33, 0x33, 0x63, 0x36, 0x33, 0x33,
    0xEE, 0xEE, 0xEE, 0xEE, 0xEE, 0xEE, 0xEE, 0xEE, 0xEE, 0xEE, 0xEE, 0xEE, 0xEE, 0xEE, 0xEE, 0xEE,
    0xEE, 0xEE, 0xEE, 0xEE, 0xCC, 0xCC, 0xCC, 0xCC, 0x33, 0x33, 0x33, 0x33, 0x63, 0x36, 0x33, 0x63,
    0xEE, 0xEE, 0xEE, 0xEE, 0xEE, 0xEE, 0xEE, 0xEE, 0xEE, 0xEE, 0xEE, 0xEE, 0xEE, 0xEE, 0xEE, 0xEE,
    0xEE, 0xEE, 0xEE, 0xEE, 0xCC, 0xCC, 0xCC, 0xCC, 0x33, 0x33, 0x33, 0x33, 0x66, 0x36, 0x36, 0x36,
    0xEE, 0xCE, 0x66, 0x96, 0xEE, 0xCE, 0x66, 0x96, 0xEE, 0xCE, 0x66, 0x96, 0xEE, 0xCE, 0x66, 0x96,
    0xEE, 0xCE, 0x66, 0x96, 0xCC, 0xCC, 0x66, 0x96, 0x66, 0x63, 0x66, 0x96, 0x63, 0x66, 0x66, 0x96,
    0x69, 0x6F, 0x63, 0x33, 0x69, 0x6F, 0x63, 0x63, 0x69, 0x6F, 0x63, 0x66, 0x69, 0x6F, 0x66, 0x66,
    0x69, 0x6F, 0x66, 0x66, 0x69, 0x6F, 0x66, 0x66, 0x69, 0xFF, 0xFF, 0xFF, 0x69, 0x66, 0x66, 0x66,
    0x36, 0x63, 0x36, 0x36, 0x36, 0x66, 0x36, 0x36, 0x66, 0x66, 0x66, 0x36, 0x36, 0x66, 0x66, 0x36,
    0x66, 0x66, 0x66, 0x36, 0x66, 0x66, 0x66, 0x66, 0xFF, 0xFF, 0xFF, 0xFF, 0x66, 0x66, 0x66, 0x66,
    0x66, 0x66, 0x33, 0x63, 0x66, 0x66, 0x63, 0x63, 0x66, 0x66, 0x63, 0x63, 0x66, 0x66, 0x66, 0x63,
    0x66, 0x66, 0x66, 0x66, 0x66, 0x66, 0x66, 0x66, 0xFF, 0xFF, 0xFF, 0xFF, 0x66, 0x66, 0x66, 0x66,
    0x66, 0x36, 0x63, 0x66, 0x63, 0x36, 0x63, 0x66, 0x66, 0x36, 0x66, 0x66, 0x66, 0x36, 0x66, 0x66,
    0x66, 0x66, 0x66, 0x66, 0x66, 0x66, 0x66, 0x66, 0xFF, 0xFF, 0xFF, 0xFF, 0x66, 0x66, 0x66, 0x66,
    0x36, 0x66, 0x66, 0x36, 0x36, 0x66, 0x11, 0x11, 0x36, 0x66, 0xC1, 0xCC, 0x66, 0x66, 0xC1, 0xCC,
    0x66, 0x66, 0x01, 0x00, 0x66, 0x66, 0x01, 0x0F, 0xFF, 0xFF, 0x01, 0x00, 0x66, 0x66, 0x11, 0x11,
    0x66, 0x66, 0x66, 0x96, 0x11, 0x11, 0x61, 0x96, 0xCC, 0xCC, 0x61, 0x96, 0xCC, 0xCC, 0x61, 0x96,
    0x00, 0x00, 0x61, 0x96, 0xF0, 0x0F, 0x61, 0x96, 0x00, 0x00, 0x61, 0x96, 0x11, 0x11, 0x61, 0x96,
    0x11, 0x11, 0x11, 0x11, 0xF1, 0xEF, 0xFF, 0xEF, 0xF1, 0xEF, 0xFF, 0xEF, 0xE1, 0x3E, 0xEE, 0x3E,
    0xE1, 0x3E, 0xEE, 0x3E, 0x31, 0x33, 0x33, 0x33, 0x61, 0x33, 0x63, 0x01, 0x61, 0x33, 0x66, 0x01,
    0x11, 0x11, 0x11, 0x11, 0xFF, 0xEF, 0xFF, 0xEF, 0xFF, 0xEF, 0xFF, 0xEF, 0xEE, 0x3E, 0xEE, 0x3E,
    0xEE, 0x3E, 0xEE, 0x3E, 0x33, 0x33, 0x33, 0x33, 0x00, 0x00, 0x00, 0x00, 0x00, 0x00, 0x00, 0x00,
    0x11, 0x11, 0x11, 0x11, 0xFF, 0xEF, 0xFF, 0x1F, 0xFF, 0xEF, 0xFF, 0x1F, 0xEE, 0x3E, 0xEE, 0x1E,
    0xEE, 0x3E, 0xEE, 0x9E, 0x33, 0x33, 0x33, 0x93, 0x10, 0x36, 0x33, 0x96, 0x10, 0x36, 0x33, 0x96,
    0x00, 0x00, 0x00, 0x00, 0x00, 0x00, 0x00, 0x00, 0x00, 0x00, 0x00, 0x00, 0x00, 0x00, 0x00, 0x00,
    0x00, 0x00, 0x99, 0x99, 0x00, 0x00, 0xF9, 0xFF, 0x00, 0x00, 0xF9, 0xFF, 0x00, 0x00, 0xF9, 0xFF,
    0x00, 0x00, 0x00, 0x00, 0x00, 0x00, 0x00, 0x00, 0x00, 0x00, 0x00, 0x00, 0x00, 0x00, 0x00, 0x00,
    0x99, 0x99, 0x99, 0x99, 0xFF, 0xFF, 0xFF, 0xFF, 0xFF, 0xFF, 0xFF, 0xFF, 0xFF, 0xFF, 0xFF, 0xFF,
    0x00, 0x00, 0x00, 0x00, 0x00, 0x00, 0x00, 0x00, 0x00, 0x00, 0x00, 0x00, 0x00, 0x00, 0x00, 0x00,
    0x99, 0x99, 0x99, 0x00, 0xFF, 0xFF, 0x9F, 0x00, 0xFF, 0xFF, 0x9F, 0x00, 0xFF, 0xFF, 0x9F, 0x00,
    0xAA, 0xAA, 0xAA, 0xAA, 0x4A, 0x44, 0x44, 0x44, 0x4A, 0x44, 0x44, 0x44, 0x4A, 0x44, 0xAA, 0xAA,
    0x4A, 0x44, 0x0A, 0x00, 0x4A, 0x44, 0x0A, 0xCD, 0x4A, 0x44, 0x0A, 0xDC, 0x4A, 0x44, 0x0A, 0xDD,
    0x99, 0x99, 0x99, 0x99, 0x66, 0x66, 0x66, 0x66, 0x66, 0x66, 0x66, 0x66, 0x99, 0x99, 0x99, 0x99,
    0x00, 0x00, 0x00, 0x00, 0xEE, 0xEE, 0x0E, 0x09, 0xEE, 0xEE, 0x0E, 0x09, 0xEE, 0xEE, 0x0E, 0x09,
    0xAA, 0xAA, 0xAA, 0xAA, 0x44, 0x44, 0x44, 0x44, 0x44, 0x44, 0x44, 0x44, 0xAA, 0xAA, 0xAA, 0xAA,
    0x00, 0x00, 0x00, 0x00, 0xCD, 0xDD, 0xDD, 0x0D, 0xDC, 0xDD, 0xDD, 0x0D, 0xDD, 0xDD, 0xDD, 0x0D,
    0xAA, 0xAA, 0xAA, 0xAA, 0x44, 0x44, 0x44, 0x44, 0x44, 0x44, 0x44, 0x44, 0xAA, 0xAA, 0xAA, 0xAA,
    0x00, 0x00, 0x00, 0x00, 0x0A, 0xCD, 0xDD, 0xDD, 0x0A, 0xDC, 0xDD, 0xDD, 0x0A, 0xDD, 0xDD, 0xDD,
    0xAA, 0xAA, 0xAA, 0xAA, 0x44, 0x44, 0x44, 0x44, 0x44, 0x44, 0x44, 0x44, 0xAA, 0xAA, 0xAA, 0xAA,
    0x00, 0x00, 0x00, 0x00, 0x0D, 0x0A, 0xCD, 0xDD, 0x0D, 0x0A, 0xDC, 0xDD, 0x0D, 0x0A, 0xDD, 0xDD,
    0x99, 0x99, 0x99, 0x99, 0x66, 0x66, 0x66, 0x96, 0x66, 0x66, 0x66, 0x96, 0x99, 0x99, 0x66, 0x96,
    0x00, 0x90, 0x66, 0x96, 0xEE, 0x90, 0x66, 0x96, 0xEE, 0x90, 0x66, 0x96, 0xEE, 0x90, 0x66, 0x96,
    0x69, 0x63, 0x66, 0x01, 0x69, 0x63, 0x66, 0x01, 0x69, 0x63, 0x66, 0x01, 0x69, 0x63, 0x66, 0x01,
    0x69, 0x66, 0x66, 0x01, 0x69, 0x66, 0x66, 0x01, 0x69, 0x66, 0x63, 0x11, 0x69, 0x66, 0x63, 0x11,
    0x00, 0x00, 0x00, 0x00, 0x00, 0x00, 0x00, 0x00, 0x00, 0x00, 0x00, 0x00, 0x00, 0x00, 0x00, 0x00,
    0x00, 0x00, 0x00, 0x00, 0x00, 0x00, 0x00, 0x00, 0x11, 0x11, 0x11, 0x01, 0xCC, 0xCC, 0xCC, 0x01,
    0x00, 0x00, 0x00, 0x00, 0x00, 0x00, 0x00, 0x00, 0x00, 0x00, 0x00, 0x00, 0x00, 0x00, 0x00, 0x00,
    0x00, 0x00, 0x00, 0x00, 0x00, 0x00, 0x00, 0x00, 0x00, 0x00, 0x00, 0x00, 0x00, 0xF0, 0x0F, 0x00,
    0x10, 0x11, 0x00, 0x00, 0x10, 0x10, 0x11, 0x11, 0x10, 0xC0, 0xCC, 0xCC, 0x10, 0xC0, 0xCC, 0xCC,
    0x10, 0x00, 0x00, 0x00, 0x10, 0x66, 0x66, 0x66, 0x10, 0x66, 0x66, 0x66, 0x10, 0x66, 0x66, 0x66,
    0x00, 0x00, 0x00, 0x11, 0x11, 0x11, 0x11, 0x01, 0xCC, 0xCC, 0xCC, 0x0C, 0xCC, 0xCC, 0xCC, 0x0C,
    0x00, 0x00, 0x00, 0x00, 0x66, 0x66, 0x66, 0x66, 0x66, 0x66, 0x66, 0x66, 0x66, 0xFF, 0xFF, 0x66,
    0x11, 0x66, 0x63, 0x96, 0x11, 0x66, 0x66, 0x96, 0x11, 0x66, 0x66, 0x96, 0x11, 0x66, 0x63, 0x96,
    0x11, 0x66, 0x33, 0x96, 0x11, 0x66, 0x63, 0x96, 0x11, 0x66, 0x63, 0x96, 0x11, 0x66, 0x66, 0x96,
    0x00, 0x00, 0xF9, 0xFF, 0x00, 0x00, 0xF9, 0xFF, 0x00, 0x00, 0xE9, 0xEF, 0x00, 0x00, 0xE9, 0xEF,
    0x00, 0x00, 0xE9, 0xEF, 0x00, 0x00, 0xC9, 0xCC, 0x10, 0x01, 0xC9, 0x66, 0x10, 0x96, 0xC9, 0xF6,
    0xFF, 0xFF, 0xFF, 0xFF, 0xFF, 0xFF, 0xFF, 0xFF, 0xEF, 0xEF, 0xEF, 0xEF, 0xEF, 0xEF, 0xEF, 0xEF,
    0xEF, 0xEF, 0xEF, 0xEF, 0xCC, 0xCC, 0xCC, 0xCC, 0x66, 0x66, 0x66, 0x66, 0xFF, 0x66, 0xFF, 0x6F,
    0xEE, 0xEE, 0xEE, 0xEE, 0xEE, 0xEE, 0xEE, 0xEE, 0xDE, 0xDE, 0xDE, 0xDE, 0xDE, 0xDE, 0xDE, 0xDE,
    0xDE, 0xDE, 0xDE, 0xDE, 0x9B, 0x00, 0x00, 0x00, 0x7B, 0x00, 0x00, 0x00, 0x6B, 0x00, 0x00, 0x00,
    0xEE, 0xEE, 0xAE, 0x00, 0xEE, 0xEE, 0xAE, 0x00, 0xDE, 0xDE, 0xAE, 0x00, 0xDE, 0xDE, 0xAE, 0x00,
    0xDE, 0xDE, 0xAE, 0x00, 0x00, 0x70, 0xAB, 0x00, 0x00, 0x00, 0xAB, 0x00, 0x00, 0x00, 0xAB, 0x00,
    0x69, 0x66, 0x09, 0xEE, 0x69, 0x66, 0x09, 0x00, 0x69, 0x66, 0x09, 0x00, 0x69, 0x66, 0x09, 0xEE,
    0x69, 0x66, 0x09, 0xEE, 0x69, 0x66, 0x09, 0xEE, 0x69, 0x66, 0x09, 0xEE, 0x69, 0x66, 0x09, 0xEE,
    0xEE, 0xEE, 0x0E, 0x09, 0x00, 0x00, 0x00, 0x09, 0x00, 0x00, 0x00, 0x09, 0xEE, 0xEE, 0x0E, 0x09,
    0xEE, 0xEE, 0x0E, 0x09, 0xEE, 0xEE, 0x0E, 0x09, 0xEE, 0xEE, 0x0E, 0x09, 0xEE, 0xEE, 0x0E, 0x09,
    0xEE, 0xEE, 0xEE, 0x0E, 0x00, 0x00, 0x00, 0x00, 0x00, 0x00, 0x00, 0x00, 0xEE, 0xEE, 0xEE, 0x0E,
    0xEE, 0xEE, 0xEE, 0x0E, 0xEE, 0xEE, 0xEE, 0x0E, 0xEE, 0xEE, 0xEE, 0x0E, 0xEE, 0xEE, 0xEE, 0x0E,
    0x09, 0xEE, 0xEE, 0xEE, 0x09, 0x00, 0x00, 0x00, 0x09, 0x00, 0x00, 0x00, 0x09, 0xEE, 0xEE, 0xEE,
    0x09, 0xEE, 0xEE, 0xEE, 0x09, 0xEE, 0xEE, 0xEE, 0x09, 0xEE, 0xEE, 0xEE, 0x09, 0xEE, 0xEE, 0xEE,
    0x0E, 0x09, 0xEE, 0xEE, 0x00, 0x09, 0x00, 0x00, 0x00, 0x09, 0x00, 0x00, 0x0E, 0x09, 0xEE, 0xEE,
    0x0E, 0x09, 0xEE, 0xEE, 0x0E, 0x09, 0xEE, 0xEE, 0x0E, 0x09, 0xEE, 0xEE, 0x0E, 0x09, 0xEE, 0xEE,
    0x00, 0x00, 0xCC, 0x99, 0x90, 0x09, 0xCC, 0x33, 0x90, 0x09, 0xCC, 0x33, 0x90, 0x09, 0xCC, 0x33,
    0x90, 0x09, 0xCC, 0x33, 0x90, 0x09, 0xCC, 0x63, 0x90, 0x09, 0xCC, 0x63, 0x90, 0x09, 0xCC, 0x63,
    0x99, 0x99, 0x99, 0x99, 0x33, 0x33, 0x33, 0x33, 0x66, 0x33, 0x33, 0x33, 0x66, 0x36, 0x33, 0x33,
    0x66, 0x66, 0x33, 0x36, 0x66, 0x66, 0x33, 0x36, 0x36, 0x66, 0x63, 0x36, 0x66, 0x66, 0x63, 0x36,
    0x99, 0x99, 0x99, 0x99, 0x33, 0x33, 0x33, 0x33, 0x33, 0x33, 0x33, 0x36, 0x63, 0x33, 0x63, 0x36,
    0x63, 0x63, 0x63, 0x36, 0x63, 0x63, 0x63, 0x36, 0x63, 0x63, 0x63, 0x36, 0x66, 0x63, 0x63, 0x66,
    0x99, 0x99, 0x99, 0x99, 0x33, 0x33, 0x33, 0x33, 0x33, 0x33, 0x33, 0x33, 0x33, 0x33, 0x33, 0x33,
    0x33, 0x33, 0x63, 0x36, 0x33, 0x33, 0x63, 0x36, 0x33, 0x33, 0x63, 0x36, 0x63, 0x33, 0x63, 0x66,
    0x66, 0x66, 0x66, 0x66, 0x36, 0x66, 0x66, 0x66, 0x66, 0x66, 0x66, 0x66, 0x66, 0x66, 0x66, 0x66,
    0x66, 0x66, 0x66, 0x66, 0x66, 0x66, 0x66, 0x66, 0x66, 0x66, 0x66, 0x66, 0x66, 0x66, 0x66, 0x66,
    0x69, 0x36, 0x63, 0x11, 0x69, 0x36, 0x63, 0x11, 0x69, 0x33, 0x63, 0x11, 0x39, 0x33, 0x63, 0x01,
    0x39, 0x33, 0x33, 0x01, 0x09, 0x00, 0x00, 0xC0, 0x09, 0x00, 0x00, 0xCC, 0x69, 0x66, 0x66, 0x66,
    0x66, 0x66, 0x66, 0x01, 0xF6, 0xFF, 0x66, 0x01, 0x66, 0x66, 0x66, 0x01, 0xC0, 0x0C, 0xC0, 0x00,
    0xCC, 0x00, 0x0C, 0x00, 0x0C, 0xC0, 0x00, 0x00, 0x00, 0x0C, 0x00, 0x00, 0x66, 0x66, 0x66, 0x66,
    0x00, 0xAF, 0xFA, 0x0F, 0x00, 0xFF, 0x0F, 0x0F, 0x00, 0xFF, 0xFF, 0x0F, 0x00, 0xF0, 0x0F, 0x00,
    0x00, 0x00, 0x00, 0x00, 0x00, 0x00, 0x00, 0x00, 0x00, 0x00, 0x00, 0x00, 0x44, 0x44, 0x44, 0x44,
    0x10, 0x66, 0x66, 0x66, 0x10, 0x66, 0x66, 0x66, 0x10, 0x31, 0x33, 0x33, 0x00, 0x31, 0x33, 0x33,
    0x00, 0x00, 0x00, 0x00, 0x00, 0x00, 0x00, 0x00, 0x00, 0x00, 0x00, 0x00, 0x66, 0x66, 0x66, 0x66,
    0x66, 0x66, 0x66, 0x66, 0x66, 0x66, 0x66, 0x66, 0x33, 0x33, 0x33, 0x13, 0x33, 0x33, 0x33, 0x13,
    0x00, 0x00, 0x00, 0x00, 0x00, 0x00, 0x00, 0x00, 0x00, 0x00, 0x00, 0x00, 0x66, 0x66, 0x66, 0x66,
    0x11, 0x66, 0x36, 0x96, 0x11, 0x36, 0x66, 0x96, 0x11, 0x36, 0x66, 0x96, 0x10, 0x66, 0x66, 0x96,
    0x10, 0x66, 0x66, 0x96, 0x00, 0x00, 0x00, 0x90, 0x00, 0x00, 0x00, 0x90, 0x66, 0x66, 0x66, 0x96,
    0x00, 0x99, 0x99, 0x99, 0x00, 0xF9, 0xFF, 0xFF, 0x00, 0xF9, 0xFF, 0xFF, 0x00, 0xF9, 0xFF, 0xFF,
    0x00, 0xE9, 0xEE, 0xEE, 0x00, 0x99, 0x11, 0x11, 0x00, 0x10, 0x11, 0x66, 0x00, 0x10, 0x61, 0x00,
    0x99, 0x00, 0x00, 0x00, 0x1F, 0x09, 0x00, 0x00, 0xFF, 0x99, 0x99, 0x99, 0xFF, 0x11, 0x11, 0x11,
    0xEE, 0x11, 0x11, 0x11, 0x11, 0x16, 0x11, 0x11, 0x66, 0x61, 0x66, 0x66, 0x70, 0xF6, 0xCC, 0xC9,
    0x10, 0x66, 0xC9, 0xE6, 0x10, 0x16, 0xC9, 0x66, 0x10, 0x16, 0xC9, 0xCC, 0x99, 0x16, 0xC8, 0x66,
    0x96, 0x16, 0xC9, 0xF6, 0x66, 0x61, 0xC9, 0xE6, 0x66, 0x10, 0xC9, 0x66, 0x66, 0x00, 0x31, 0x33,
    0xEE, 0x66, 0xEE, 0x6E, 0x66, 0x66, 0x66, 0x66, 0xCC, 0xCC, 0xCC, 0xCC, 0x66, 0x66, 0x66, 0x66,
    0xF6, 0xF6, 0xF6, 0x66, 0xE6, 0xE6, 0xE6, 0x66, 0x66, 0x66, 0x66, 0x66, 0x33, 0x33, 0x33, 0x33,
    0x3C, 0x33, 0x33, 0x33, 0x5C, 0xC3, 0xCC, 0xCC, 0x6C, 0xEC, 0xEE, 0xEE, 0x6C, 0xC3, 0xCC, 0xCC,
    0x6C, 0x36, 0x33, 0x33, 0x6C, 0x36, 0x33, 0x33, 0x6C, 0x66, 0x66, 0x66, 0x33, 0x33, 0x99, 0x99,
    0x33, 0x33, 0x9C, 0x33, 0x33, 0x33, 0x9C, 0x33, 0x6C, 0x66, 0x9C, 0x33, 0x63, 0x6E, 0x9C, 0x33,
    0x66, 0x63, 0x9C, 0x33, 0x66, 0x63, 0x9C, 0x33, 0x66, 0x66, 0x9C, 0x33, 0x33, 0x33, 0x93, 0x33,
    0x69, 0x66, 0x09, 0xEE, 0x69, 0x66, 0x09, 0xEE, 0x69, 0x66, 0x09, 0xEE, 0x69, 0x66, 0x09, 0xEE,
    0x69, 0x66, 0x09, 0xEE, 0x69, 0x66, 0x09, 0xEE, 0x69, 0x66, 0x09, 0xCC, 0x69, 0x66, 0xC9, 0xCC,
    0xEE, 0xEE, 0x0E, 0x09, 0xEE, 0xEE, 0x0E, 0x09, 0xEE, 0xEE, 0x0E, 0x09, 0xEE, 0xEE, 0x0E, 0x09,
    0xEE, 0xEE, 0x0E, 0x09, 0xEE, 0xEE, 0x0E, 0x09, 0xCC, 0xCC, 0x0C, 0x09, 0xCC, 0xCC, 0xCC, 0xCC,
    0xEE, 0xEE, 0xEE, 0x0E, 0xEE, 0xEE, 0xEE, 0x0E, 0xEE, 0xEE, 0xEE, 0x0E, 0xEE, 0xEE, 0xEE, 0x0E,
    0xEE, 0xEE, 0xEE, 0x0E, 0xEE, 0xEE, 0xEE, 0x0E, 0xCC, 0xCC, 0xCC, 0x0C, 0xCC, 0xCC, 0xCC, 0xCC,
    0x09, 0xEE, 0xEE, 0xEE, 0x09, 0xEE, 0xEE, 0xEE, 0x09, 0xEE, 0xEE, 0xEE, 0x09, 0xEE, 0xEE, 0xEE,
    0x09, 0xEE, 0xEE, 0xEE, 0x09, 0xEE, 0xEE, 0xEE, 0x09, 0xCC, 0xCC, 0xCC, 0xCC, 0xCC, 0xCC, 0xCC,
    0x0E, 0x09, 0xEE, 0xEE, 0x0E, 0x09, 0xEE, 0xEE, 0x0E, 0x09, 0xEE, 0xEE, 0x0E, 0x09, 0xEE, 0xEE,
    0x0E, 0x09, 0xEE, 0xEE, 0x0E, 0x09, 0xEE, 0xEE, 0x0C, 0x09, 0xCC, 0xCC, 0xCC, 0xCC, 0xCC, 0xCC,
    0x00, 0x00, 0xCC, 0x63, 0x90, 0x09, 0xCC, 0x63, 0x90, 0x09, 0xCC, 0x66, 0x90, 0x09, 0xCC, 0x66,
    0x90, 0x09, 0xCC, 0x63, 0x90, 0x09, 0xCC, 0x66, 0x90, 0x09, 0xCC, 0x66, 0x00, 0x00, 0xCC, 0x66,
    0x66, 0x66, 0x66, 0x36, 0x66, 0x36, 0x66, 0x36, 0x66, 0x36, 0x66, 0x66, 0x66, 0x66, 0x66, 0x66,
    0x66, 0x66, 0x66, 0x66, 0x66, 0x66, 0x66, 0x66, 0x66, 0x66, 0x66, 0x66, 0x66, 0x66, 0x66, 0x66,
    0x66, 0x63, 0x63, 0x66, 0x66, 0x63, 0x63, 0x66, 0x66, 0x63, 0x63, 0x36, 0x66, 0x63, 0x66, 0x66,
    0x66, 0x63, 0x66, 0x66, 0x66, 0x66, 0x66, 0x66, 0x66, 0x66, 0x66, 0x66, 0x66, 0x66, 0x66, 0x66,
    0x63, 0x63, 0x33, 0x66, 0x66, 0x63, 0x33, 0x66, 0x63, 0x63, 0x63, 0x66, 0x66, 0x63, 0x63, 0x66,
    0x66, 0x63, 0x63, 0x66, 0x66, 0x63, 0x66, 0x66, 0x66, 0x63, 0x66, 0x66, 0x66, 0x63, 0x66, 0x66,
    0x69, 0x66, 0x66, 0x66, 0x99, 0x99, 0x99, 0x99, 0x69, 0x66, 0x33, 0x33, 0x69, 0x66, 0x36, 0x36,
    0x69, 0x66, 0x36, 0x36, 0x69, 0x66, 0x36, 0x66, 0x69, 0x66, 0x66, 0x66, 0x69, 0x66, 0x66, 0x66,
    0x66, 0x66, 0x66, 0x66, 0x99, 0x99, 0x99, 0x99, 0x33, 0x66, 0x66, 0x66, 0x66, 0x66, 0x66, 0x66,
    0x66, 0x66, 0x66, 0x66, 0x66, 0x66, 0x66, 0x66, 0x66, 0x66, 0x66, 0x66, 0x66, 0x66, 0x66, 0x66,
    0x66, 0x66, 0x66, 0x66, 0x99, 0x99, 0x99, 0x99, 0x66, 0x66, 0x33, 0x33, 0x66, 0x66, 0x63, 0x63,
    0x66, 0x66, 0x63, 0x63, 0x66, 0x66, 0x66, 0x66, 0x66, 0x66, 0x66, 0x66, 0x66, 0x66, 0x66, 0x66,
    0x66, 0x66, 0x66, 0x66, 0x99, 0x99, 0x99, 0x99, 0x63, 0x36, 0x66, 0x66, 0x63, 0x66, 0x66, 0x66,
    0x66, 0x66, 0x66, 0x66, 0x66, 0x66, 0x66, 0x66, 0x66, 0x66, 0x66, 0x66, 0x66, 0x66, 0x66, 0x66,
    0x66, 0x66, 0x96, 0x99, 0x99, 0x99, 0x99, 0x66, 0x66, 0x66, 0x66, 0x66, 0x66, 0x66, 0x66, 0x66,
    0x66, 0x66, 0x66, 0x66, 0x66, 0x66, 0x66, 0x66, 0x66, 0x66, 0x66, 0x66, 0x66, 0x66, 0x66, 0x66,
    0x69, 0x66, 0x66, 0x96, 0x99, 0x99, 0x99, 0x99, 0x66, 0x66, 0x66, 0x96, 0x66, 0x66, 0x66, 0x96,
    0x66, 0x66, 0x66, 0x96, 0x66, 0x66, 0x66, 0x96, 0x66, 0x66, 0x66, 0x96, 0x66, 0x66, 0x66, 0x96,
    0x00, 0x10, 0x06, 0x60, 0x00, 0x10, 0xC6, 0x00, 0x00, 0x00, 0x69, 0xCC, 0x00, 0x00, 0x90, 0x66,
    0x00, 0x00, 0x00, 0x00, 0x00, 0x00, 0x00, 0x00, 0x00, 0x00, 0x00, 0x00, 0x00, 0x00, 0x00, 0x00,
    0x16, 0xF1, 0x99, 0xCC, 0x00, 0x16, 0xFF, 0xFF, 0xCC, 0x96, 0x11, 0x11, 0x66, 0x09, 0x00, 0x00,
    0x00, 0x00, 0x00, 0x00, 0x00, 0x00, 0x00, 0x00, 0x00, 0x00, 0x00, 0x00, 0x00, 0x00, 0x00, 0x00,
    0x6F, 0x11, 0x31, 0x33, 0x1F, 0x11, 0x31, 0x33, 0x01, 0x00, 0x39, 0x33, 0x00, 0x00, 0x39, 0x33,
    0x00, 0x00, 0x99, 0x99, 0x00, 0x00, 0x00, 0x00, 0x00, 0x00, 0x00, 0x00, 0x00, 0x00, 0x00, 0x00,
    0x33, 0x33, 0x33, 0x33, 0x33, 0x33, 0x33, 0x33, 0x33, 0x33, 0x33, 0x33, 0x33, 0x33, 0x33, 0x33,
    0x99, 0x99, 0x99, 0x99, 0x00, 0x00, 0x00, 0x00, 0x00, 0x00, 0x00, 0x00, 0x00, 0x00, 0x00, 0x00,
    0x33, 0x93, 0xCC, 0xCC, 0x33, 0xC9, 0x33, 0x33, 0x33, 0x3C, 0xC3, 0x3C, 0x33, 0x3C, 0xC3, 0x3C,
    0x99, 0xC1, 0x33, 0x33, 0x33, 0x13, 0xCC, 0xCC, 0x33, 0x33, 0x33, 0x33, 0x33, 0x33, 0x33, 0x33,
    0x39, 0x33, 0x93, 0x33, 0x9C, 0x33, 0x93, 0x33, 0xC3, 0x33, 0x93, 0x33, 0xC3, 0x33, 0x93, 0x33,
    0x9C, 0x99, 0x99, 0x33, 0x39, 0x33, 0x33, 0x33, 0x33, 0x33, 0x33, 0x33, 0x33, 0x33, 0x33, 0x33,
    0x69, 0x66, 0xC9, 0xCC, 0x69, 0x66, 0x69, 0x66, 0x69, 0x66, 0x09, 0x00, 0x69, 0x66, 0x69, 0x66,
    0x69, 0x66, 0x09, 0x00, 0x69, 0x66, 0x69, 0x66, 0x69, 0x66, 0x09, 0x00, 0x69, 0x66, 0x69, 0x66,
    0xCC, 0xCC, 0xCC, 0xCC, 0x66, 0x66, 0x66, 0x66, 0x00, 0x00, 0x00, 0x00, 0x66, 0x66, 0x66, 0x66,
    0x00, 0x00, 0x00, 0x00, 0x66, 0x66, 0x66, 0x66, 0x00, 0x00, 0x00, 0x00, 0x66, 0x66, 0x66, 0x66,
    0x00, 0x00, 0xCC, 0x66, 0x90, 0x09, 0xCC, 0x66, 0x90, 0x09, 0xCC, 0x66, 0x90, 0x09, 0xCC, 0x66,
    0x90, 0x09, 0xCC, 0x66, 0x90, 0x09, 0xCC, 0x66, 0x90, 0x09, 0xCC, 0x66, 0x90, 0x09, 0xCC, 0x66,
    0x00, 0x00, 0xCC, 0x66, 0x90, 0x09, 0xCC, 0x66, 0x90, 0x09, 0xCC, 0x66, 0x90, 0x09, 0xCC, 0x66,
    0x90, 0x09, 0xCC, 0x66, 0x90, 0x09, 0xCC, 0x66, 0x90, 0x09, 0xCC, 0x66, 0x00, 0x00, 0xCC, 0x66,
};

static const uint16_t start_palette[48] __attribute__((aligned(4))) =
{
    0x45E0, 0x0000, 0x0000, 0x1CC0, 0x18C0, 0x1CC0, 0x3980, 0x4601,
    0x2922, 0x0C63, 0x18C6, 0x66E9, 0x66E9, 0x0C13, 0x0C13, 0x0017,
    0x45E0, 0x0000, 0x1CC0, 0x3980, 0x3980, 0x45E0, 0x45E0, 0x45E0,
    0x45E0, 0x45E0, 0x0C63, 0x66E9, 0x5B51, 0x0C13, 0x0017, 0x6B7A,
    0x45E0, 0x0000, 0x45E0, 0x0017, 0x0000, 0x0000, 0x0000, 0x0000,
    0x0000, 0x0000, 0x0000, 0x0000, 0x0000, 0x0000, 0x0000, 0x0000,
};

static const uint16_t start_map[4900] __attribute__((aligned(4))) =
{
    0x0001, 0x0002, 0x0002, 0x0002, 0x0002, 0x0002, 0x0003, 0x0004, 0x0002, 0x0002, 0x0002, 0x0002, 0x0002, 0x0002, 0x0002, 0x0002,
    0x0002, 0x0002, 0x0002, 0x0002, 0x0002, 0x0002, 0x0003, 0x0004, 0x0003, 0x0004, 0x0002, 0x0002, 0x0002, 0x0002, 0x0002, 0x0002,
    0x0003, 0x0004, 0x0002, 0x0002, 0x0002, 0x0002, 0x0002, 0x0002, 0x0002, 0x0002, 0x0003, 0x0004, 0x0003, 0x0004, 0x0003, 0x0004,
    0x0003, 0x0004, 0x0002, 0x0002, 0x0002, 0x0002, 0x0002, 0x0002, 0x0002, 0x0002, 0x0003, 0x0004, 0x0003, 0x0004, 0x0002, 0x0002,
    0x0002, 0x0002, 0x0002, 0x0002, 0x0003, 0x0005, 0x0006, 0x0007, 0x0007, 0x0007, 0x0007, 0x0007, 0x0008, 0x0009, 0x0007, 0x0007,
    0x0007, 0x0007, 0x0007, 0x0007, 0x0007, 0x0007, 0x0007, 0x0007, 0x0007, 0x0007, 0x0007, 0x0007, 0x0008, 0x0009, 0x0008, 0x0009,
    0x0007, 0x0007, 0x0007, 0x0007, 0x0007, 0x0007, 0x0008, 0x0009, 0x0007, 0x0007, 0x0007, 0x0007, 0x0007, 0x0007, 0x0007, 0x0007,
    0x0008, 0x0009, 0x0008, 0x0009, 0x0008, 0x0009, 0x0008, 0x0009, 0x0007, 0x0007, 0x0007, 0x0007, 0x0007, 0x0007, 0x0007, 0x0007,
    0x0008, 0x0009, 0x0008, 0x0009, 0x0007, 0x0007, 0x0007, 0x0007, 0x0007, 0x0007, 0x0008, 0x000A, 0x000B, 0x000C, 0x0007, 0x0007,
    0x000D, 0x000E, 0x000F, 0x0010, 0x0011, 0x0012, 0x0013, 0x0014, 0x0015, 0x0016, 0x0007, 0x0007, 0x0017, 0x000C, 0x0007, 0x0007,
    0x0007, 0x0007, 0x0007, 0x0007, 0x0007, 0x0007, 0x0007, 0x0007, 0x0017, 0x000C, 0x0013, 0x0014, 0x000D, 0x0018, 0x0018, 0x0018,
    0x0018, 0x040D, 0x0013, 0x0014, 0x0007, 0x0007, 0x0007, 0x0007, 0x0007, 0x0007, 0x0007, 0x0007, 0x0007, 0x0007, 0x0007, 0x0007,
    0x0017, 0x000C, 0x0007, 0x0007, 0x0007, 0x0007, 0x0015, 0x0016, 0x0013, 0x0014, 0x0007, 0x0007, 0x0017, 0x000C, 0x0007, 0x0007,
    0x0007, 0x0019, 0x001A, 0x001B, 0x0007, 0x0007, 0x001C, 0x001D, 0x001E, 0x001F, 0x0020, 0x0021, 0x0022, 0x0422, 0x0023, 0x0024,
    0x0007, 0x0007, 0x0025, 0x001B, 0x0007, 0x0007, 0x0007, 0x0007, 0x0007, 0x0007, 0x0007, 0x0007, 0x0007, 0x0007, 0x0025, 0x001B,
    0x0022, 0x0422, 0x0026, 0x0027, 0x0028, 0x0029, 0x002A, 0x002B, 0x0022, 0x0422, 0x0007, 0x0007, 0x0007, 0x0007, 0x0007, 0x0007,
    0x0007, 0x0007, 0x0007, 0x0007, 0x0007, 0x0007, 0x0025, 0x001B, 0x0007, 0x0007, 0x0007, 0x0007, 0x0023, 0x0024, 0x0022, 0x0422,
    0x0007, 0x0007, 0x0025, 0x001B, 0x0007, 0x0007, 0x0007, 0x0406, 0x0419, 0x0007, 0x0007, 0x0007, 0x002C, 0x002D, 0x002E, 0x002F,
    0x0030, 0x0031, 0x0007, 0x0007, 0x0007, 0x0007, 0x0007, 0x0007, 0x0032, 0x0033, 0x0034, 0x0033, 0x0034, 0x0033, 0x0034, 0x0033,
    0x0034, 0x0033, 0x0034, 0x0035, 0x0007, 0x0007, 0x0007, 0x0007, 0x0036, 0x0037, 0x0038, 0x0039, 0x003A, 0x003B, 0x0007, 0x0007,
    0x0007, 0x0007, 0x0032, 0x0033, 0x0034, 0x0033, 0x0034, 0x0035, 0x0007, 0x0007, 0x0007, 0x0007, 0x0007, 0x0007, 0x0007, 0x0007,
    0x0007, 0x0007, 0x0007, 0x0007, 0x0007, 0x0007, 0x0007, 0x0007, 0x0007, 0x0007, 0x0007, 0x0007, 0x0007, 0x0019, 0x003C, 0x003D,
    0x003E, 0x003D, 0x003F, 0x0040, 0x0041, 0x0042, 0x0043, 0x0044, 0x003E, 0x003D, 0x003E, 0x003D, 0x003E, 0x003D, 0x0045, 0x0046,
    0x0047, 0x0046, 0x0047, 0x0046, 0x0047, 0x0046, 0x0047, 0x0046, 0x0047, 0x0048, 0x003E, 0x003D, 0x003E, 0x003D, 0x0049, 0x004A,
    0x004B, 0x004B, 0x004C, 0x004D, 0x003E, 0x003D, 0x003E, 0x003D, 0x0045, 0x0046, 0x0047, 0x0046, 0x0047, 0x0048, 0x003E, 0x003D,
    0x003E, 0x003D, 0x003E, 0x003D, 0x003E, 0x003D, 0x003E, 0x003D, 0x003E, 0x003D, 0x003E, 0x003D, 0x003E, 0x003D, 0x003E, 0x003D,
    0x003E, 0x003D, 0x003E, 0x004E, 0x0419, 0x0007, 0x0000, 0x0000, 0x0000, 0x0000, 0x0000, 0x0000, 0x0000, 0x0000, 0x0000, 0x0000,
    0x0000, 0x0000, 0x0000, 0x0000, 0x004F, 0x0050, 0x0051, 0x0050, 0x0051, 0x0050, 0x0051, 0x0050, 0x0051, 0x0050, 0x0051, 0x0052,
    0x0000, 0x0000, 0x0000, 0x0000, 0x0000, 0x0000, 0x0000, 0x0000, 0x0000, 0x0000, 0x0000, 0x0000, 0x0000, 0x0000, 0x004F, 0x0050,
    0x0051, 0x0050, 0x0051, 0x0052, 0x0000, 0x0000, 0x0000, 0x0000, 0x0000, 0x0000, 0x0000, 0x0000, 0x0000, 0x0000, 0x0000, 0x0000,
    0x0000, 0x0000, 0x0000, 0x0000, 0x0000, 0x0000, 0x0000, 0x0000, 0x0000, 0x0053, 0x0006, 0x0007, 0x0000, 0x0000, 0x0000, 0x0000,
    0x0000, 0x0000, 0x0000, 0x0000, 0x0000, 0x0000, 0x0000, 0x0000, 0x0000, 0x0000, 0x0045, 0x0046, 0x0047, 0x0046, 0x0047, 0x0046,
    0x0047, 0x0046, 0x0047, 0x0046, 0x0047, 0x0048, 0x0000, 0x0000, 0x0000, 0x0000, 0x0000, 0x0000, 0x0000, 0x0000, 0x0000, 0x0000,
    0x0000, 0x0000, 0x0000, 0x0000, 0x0045, 0x0046, 0x0047, 0x0046, 0x0047, 0x0048, 0x0000, 0x0000, 0x0000, 0x0000, 0x0000, 0x0000,
    0x0000, 0x0000, 0x0000, 0x0000, 0x0000, 0x0000, 0x0000, 0x0000, 0x0000, 0x0000, 0x0000, 0x0000, 0x0000, 0x0000, 0x0000, 0x0054,
    0x0419, 0x0007, 0x0000, 0x0000, 0x0000, 0x0000, 0x0000, 0x0000, 0x0000, 0x0000, 0x0000, 0x0000, 0x0000, 0x0000, 0x0000, 0x0000,
    0x004F, 0x0050, 0x0051, 0x0050, 0x0051, 0x0050, 0x0051, 0x0050, 0x0051, 0x0050, 0x0051, 0x0052, 0x0007, 0x0007, 0x0000, 0x0000,
    0x0000, 0x0000, 0x0000, 0x0000, 0x0000, 0x0000, 0x0000, 0x0000, 0x0055, 0x0056, 0x004F, 0x0050, 0x0051, 0x0050, 0x0051, 0x0052,
    0x0007, 0x0007, 0x0000, 0x0000, 0x0000, 0x0000, 0x0000, 0x0000, 0x0000, 0x0000, 0x0000, 0x0000, 0x0000, 0x0000, 0x0000, 0x0000,
    0x0000, 0x0000, 0x0000, 0x0000, 0x0000, 0x0053, 0x0006, 0x0007, 0x0000, 0x0000, 0x0000, 0x0000, 0x0000, 0x0000, 0x0000, 0x0000,
    0x0000, 0x0000, 0x0000, 0x0000, 0x0000, 0x0000, 0x0057, 0x0058, 0x0059, 0x0058, 0x0059, 0x0058, 0x0059, 0x0058, 0x0059, 0x0058,
    0x0059, 0x005A, 0x0007, 0x0007, 0x0000, 0x0000, 0x0000, 0x0000, 0x0000, 0x0000, 0x0000, 0x0000, 0x0000, 0x0000, 0x0055, 0x005B,
    0x0057, 0x0058, 0x0059, 0x0058, 0x0059, 0x005A, 0x0007, 0x0007, 0x0000, 0x0000, 0x0000, 0x0000, 0x0000, 0x0000, 0x0000, 0x0000,
    0x0000, 0x0000, 0x0000, 0x0000, 0x0000, 0x0000, 0x0000, 0x0000, 0x0000, 0x0000, 0x0000, 0x0054, 0x0419, 0x0007, 0x0000, 0x0000,
    0x0000, 0x0000, 0x0000, 0x0000, 0x0000, 0x0000, 0x0000, 0x0000, 0x0000, 0x0000, 0x0000, 0x0000, 0x005C, 0x005D, 0x005E, 0x005F,
    0x005E, 0x005F, 0x005C, 0x005D, 0x0060, 0x0460, 0x0061, 0x0062, 0x0007, 0x0007, 0x0000, 0x0000, 0x0000, 0x0000, 0x0000, 0x0000,
    0x0000, 0x0000, 0x0000, 0x0000, 0x0055, 0x0063, 0x0064, 0x0065, 0x005E, 0x005F, 0x0066, 0x0067, 0x0007, 0x0007, 0x0000, 0x0000,
    0x0000, 0x0000, 0x0000, 0x0000, 0x0000, 0x0000, 0x0000, 0x0000, 0x0000, 0x0000, 0x0000, 0x0000, 0x0000, 0x0000, 0x0000, 0x0000,
    0x0000, 0x0053, 0x0006, 0x0007, 0x0000, 0x0000, 0x0000, 0x0000, 0x0000, 0x0000, 0x0000, 0x0000, 0x0068, 0x0069, 0x0000, 0x0000,
    0x0000, 0x0000, 0x006A, 0x006B, 0x006C, 0x046C, 0x006C, 0x046C, 0x006A, 0x006B, 0x006D, 0x046D, 0x006E, 0x006F, 0x0007, 0x0007,
    0x0000, 0x0000, 0x0000, 0x0000, 0x0068, 0x0069, 0x0000, 0x0000, 0x0000, 0x0000, 0x0070, 0x0071, 0x0072, 0x0073, 0x006C, 0x046C,
    0x0074, 0x0075, 0x0007, 0x0007, 0x0000, 0x0000, 0x0000, 0x0000, 0x0000, 0x0000, 0x0000, 0x0000, 0x0000, 0x0000, 0x0000, 0x0000,
    0x0000, 0x0000, 0x0000, 0x0000, 0x0000, 0x0000, 0x0000, 0x0054, 0x0419, 0x0007, 0x0000, 0x0000, 0x0000, 0x0000, 0x0000, 0x0000,
    0x0000, 0x0000, 0x1076, 0x2077, 0x0000, 0x0000, 0x0000, 0x0000, 0x0078, 0x0079, 0x107A, 0x147A, 0x107A, 0x147A, 0x0078, 0x0079,
    0x007B, 0x007C, 0x007D, 0x007E, 0x0007, 0x0007, 0x0000, 0x0000, 0x0000, 0x0000, 0x1076, 0x2077, 0x0000, 0x0000, 0x0000, 0x0000,
    0x0000, 0x0000, 0x007F, 0x1080, 0x107A, 0x147A, 0x0081, 0x0082, 0x0007, 0x0007, 0x0000, 0x0000, 0x0000, 0x0000, 0x0000, 0x0000,
    0x0000, 0x0000, 0x0000, 0x0000, 0x0000, 0x0000, 0x0000, 0x0000, 0x0000, 0x0000, 0x0000, 0x0000, 0x0000, 0x0053, 0x0006, 0x0007,
    0x0000, 0x0000, 0x0000, 0x0000, 0x0000, 0x0000, 0x0000, 0x0000, 0x0083, 0x0000, 0x0000, 0x0000, 0x0000, 0x0000, 0x0084, 0x0085,
    0x0086, 0x0486, 0x0086, 0x0486, 0x0084, 0x0085, 0x0087, 0x0088, 0x0089, 0x008A, 0x0007, 0x0007, 0x0000, 0x0000, 0x0000, 0x0000,
    0x0083, 0x0000, 0x0000, 0x0000, 0x0000, 0x0000, 0x0000, 0x0000, 0x008B, 0x008C, 0x0086, 0x0486, 0x008D, 0x008E, 0x0007, 0x0007,
    0x0000, 0x0000, 0x0000, 0x0000, 0x0000, 0x0000, 0x0000, 0x0000, 0x0000, 0x0000, 0x0000, 0x0000, 0x0000, 0x0000, 0x0000, 0x0000,
    0x0000, 0x0000, 0x0000, 0x0054, 0x0419, 0x0007, 0x0000, 0x0000, 0x0000, 0x0000, 0x0000, 0x0000, 0x0000, 0x0000, 0x108F, 0x0090,
    0x0000, 0x0000, 0x0000, 0x0000, 0x0000, 0x0000, 0x0091, 0x0091, 0x0091, 0x0091, 0x0092, 0x0093, 0x0000, 0x0000, 0x0000, 0x0000,
    0x0000, 0x0000, 0x0000, 0x0000, 0x0000, 0x0000, 0x108F, 0x0090, 0x0000, 0x0000, 0x0000, 0x0000, 0x0000, 0x0000, 0x0000, 0x0000,
    0x0091, 0x0091, 0x0000, 0x0000, 0x0000, 0x0000, 0x0000, 0x0000, 0x0000, 0x0000, 0x0000, 0x0000, 0x0000, 0x0000, 0x0000, 0x0000,
    0x0000, 0x0000, 0x0000, 0x0000, 0x0000, 0x0000, 0x0000, 0x0000, 0x0000, 0x0053, 0x0006, 0x0007, 0x0000, 0x0000, 0x0000, 0x0000,
    0x0000, 0x0000, 0x0000, 0x0000, 0x0094, 0x0095, 0x0000, 0x0000, 0x0000, 0x0000, 0x0000, 0x0000, 0x0091, 0x0091, 0x0091, 0x0091,
    0x0096, 0x0496, 0x0000, 0x0000, 0x0000, 0x0000, 0x0000, 0x0000, 0x0000, 0x0000, 0x0000, 0x0000, 0x0094, 0x0095, 0x0000, 0x0000,
    0x0000, 0x0000, 0x0000, 0x0000, 0x0000, 0x0000, 0x0091, 0x0091, 0x0000, 0x0000, 0x0000, 0x0000, 0x0000, 0x0000, 0x0000, 0x0000,
    0x0000, 0x0000, 0x0000, 0x0000, 0x0000, 0x0000, 0x0000, 0x0000, 0x0000, 0x0000, 0x0000, 0x0000, 0x0000, 0x0000, 0x0000, 0x0054,
    0x0419, 0x0007, 0x0000, 0x0000, 0x0032, 0x0033, 0x0034, 0x0033, 0x0034, 0x0035, 0x0000, 0x0000, 0x0000, 0x0000, 0x0091, 0x0091,
    0x0091, 0x0091, 0x0091, 0x0091, 0x0091, 0x0091, 0x0091, 0x0091, 0x0091, 0x0091, 0x0091, 0x0091, 0x0091, 0x0091, 0x0091, 0x0091,
    0x0091, 0x0091, 0x0091, 0x0091, 0x0091, 0x0091, 0x0091, 0x0091, 0x0091, 0x0091, 0x0091, 0x0091, 0x0091, 0x0091, 0x0000, 0x0000,
    0x0000, 0x0000, 0x0000, 0x0000, 0x0000, 0x0000, 0x0000, 0x0000, 0x0000, 0x0000, 0x0000, 0x0000, 0x0000, 0x0000, 0x0000, 0x0000,
    0x0000, 0x0000, 0x0000, 0x0000, 0x0000, 0x0053, 0x0006, 0x0007, 0x0000, 0x0000, 0x0045, 0x0046, 0x0047, 0x0046, 0x0047, 0x0048,
    0x0000, 0x0000, 0x0000, 0x0000, 0x0091, 0x0091, 0x0091, 0x0091, 0x0091, 0x0091, 0x0091, 0x0091, 0x0091, 0x0091, 0x0091, 0x0091,
    0x0091, 0x0091, 0x0091, 0x0091, 0x0091, 0x0091, 0x0091, 0x0091, 0x0091, 0x0091, 0x0091, 0x0091, 0x0091, 0x0091, 0x0091, 0x0091,
    0x0091, 0x0091, 0x0091, 0x0091, 0x0000, 0x0000, 0x0000, 0x0000, 0x0000, 0x0000, 0x0000, 0x0000, 0x0000, 0x0000, 0x0000, 0x0000,
    0x0000, 0x0000, 0x0000, 0x0000, 0x0000, 0x0000, 0x0000, 0x0000, 0x0000, 0x0000, 0x0000, 0x0054, 0x0419, 0x0007, 0x0000, 0x0000,
    0x004F, 0x0050, 0x0051, 0x0050, 0x0051, 0x0052, 0x0007, 0x0007, 0x0000, 0x0000, 0x0091, 0x0091, 0x0000, 0x0000, 0x0000, 0x0000,
    0x0000, 0x0000, 0x0000, 0x0000, 0x0000, 0x0000, 0x0000, 0x0000, 0x0000, 0x0000, 0x0000, 0x0000, 0x0000, 0x0000, 0x0000, 0x0000,
    0x0000, 0x0000, 0x0000, 0x0000, 0x0000, 0x0000, 0x0091, 0x0091, 0x0091, 0x0091, 0x0000, 0x0000, 0x0000, 0x0000, 0x0000, 0x0000,
    0x0000, 0x0000, 0x0000, 0x0000, 0x0000, 0x0000, 0x0000, 0x0000, 0x0000, 0x0000, 0x0000, 0x0000, 0x0000, 0x0000, 0x0000, 0x0000,
    0x0000, 0x0053, 0x0006, 0x0007, 0x0000, 0x0000, 0x0045, 0x0046, 0x0047, 0x0046, 0x0047, 0x0048, 0x0007, 0x0007, 0x0000, 0x0000,
    0x0091, 0x0091, 0x0000, 0x0000, 0x0000, 0x0000, 0x0000, 0x0000, 0x0000, 0x0000, 0x0000, 0x0000, 0x0000, 0x0000, 0x0000, 0x0000,
    0x0000, 0x0000, 0x0000, 0x0000, 0x0000, 0x0000, 0x0000, 0x0000, 0x0000, 0x0000, 0x0000, 0x0000, 0x0091, 0x0091, 0x0091, 0x0091,
    0x0000, 0x0000, 0x0000, 0x0000, 0x0000, 0x0000, 0x0000, 0x0000, 0x0000, 0x0000, 0x0000, 0x0000, 0x0000, 0x0000, 0x0000, 0x0000,
    0x0000, 0x0000, 0x0000, 0x0000, 0x0000, 0x0000, 0x0000, 0x0054, 0x0419, 0x0007, 0x0000, 0x0000, 0x004F, 0x0050, 0x0051, 0x0050,
    0x0051, 0x0052, 0x0007, 0x0007, 0x0000, 0x0000, 0x0091, 0x0091, 0x0000, 0x0000, 0x0000, 0x0000, 0x0000, 0x0000, 0x0000, 0x0000,
    0x0000, 0x0000, 0x0000, 0x0000, 0x0000, 0x0000, 0x0000, 0x0000, 0x0000, 0x0000, 0x0000, 0x0000, 0x0000, 0x0000, 0x0000, 0x0000,
    0x0000, 0x0000, 0x0091, 0x0091, 0x0000, 0x0000, 0x0032, 0x0033, 0x0034, 0x0033, 0x0034, 0x0035, 0x0000, 0x0000, 0x0000, 0x0000,
    0x0000, 0x0000, 0x0000, 0x0000, 0x0000, 0x0000, 0x0000, 0x0000, 0x0000, 0x0000, 0x0000, 0x0000, 0x0000, 0x0053, 0x0006, 0x0007,
    0x0000, 0x0000, 0x0057, 0x0058, 0x0059, 0x0058, 0x0059, 0x005A, 0x0007, 0x0007, 0x0000, 0x0000, 0x0091, 0x0091, 0x0000, 0x0000,
    0x0000, 0x0000, 0x0000, 0x0000, 0x0000, 0x0000, 0x0000, 0x0000, 0x0000, 0x0000, 0x0000, 0x0000, 0x0000, 0x0000, 0x0000, 0x0000,
    0x0000, 0x0000, 0x0000, 0x0000, 0x0000, 0x0000, 0x0000, 0x0000, 0x0091, 0x0091, 0x0000, 0x0000, 0x0045, 0x0046, 0x0047, 0x0046,
    0x0047, 0x0048, 0x0000, 0x0000, 0x0000, 0x0000, 0x0000, 0x0000, 0x0000, 0x0000, 0x0000, 0x0000, 0x0000, 0x0000, 0x0000, 0x0000,
    0x0000, 0x0000, 0x0000, 0x0054, 0x0419, 0x0007, 0x0000, 0x0000, 0x0097, 0x0098, 0x005E, 0x005F, 0x0498, 0x0497, 0x0007, 0x0007,
    0x0000, 0x0000, 0x0091, 0x0091, 0x0000, 0x0000, 0x0000, 0x0000, 0x0099, 0x009A, 0x0000, 0x0000, 0x0000, 0x0000, 0x0000, 0x0000,
    0x0000, 0x0000, 0x0000, 0x0000, 0x0000, 0x0000, 0x0000, 0x0000, 0x0000, 0x0000, 0x0000, 0x0000, 0x0000, 0x0000, 0x0091, 0x0091,
    0x0000, 0x0000, 0x004F, 0x0050, 0x0051, 0x0050, 0x0051, 0x0052, 0x0007, 0x0007, 0x0000, 0x0000, 0x0000, 0x0000, 0x0000, 0x0000,
    0x0000, 0x0000, 0x0000, 0x0000, 0x0000, 0x0000, 0x0000, 0x0000, 0x0000, 0x0053, 0x0006, 0x0007, 0x0000, 0x0000, 0x009B, 0x009C,
    0x006C, 0x046C, 0x049C, 0x049B, 0x0007, 0x0007, 0x0000, 0x0000, 0x0091, 0x0091, 0x0000, 0x0000, 0x0000, 0x0000, 0x009D, 0x009E,
    0x0000, 0x0000, 0x0000, 0x0000, 0x0000, 0x0000, 0x0000, 0x0000, 0x0000, 0x0000, 0x0000, 0x0000, 0x0000, 0x0000, 0x0000, 0x0000,
    0x0000, 0x0000, 0x0000, 0x0000, 0x0091, 0x0091, 0x0000, 0x0000, 0x0057, 0x0058, 0x0059, 0x0058, 0x0059, 0x005A, 0x0007, 0x0007,
    0x0000, 0x0000, 0x0000, 0x0000, 0x0000, 0x0000, 0x0000, 0x0000, 0x0000, 0x0000, 0x0000, 0x0000, 0x0000, 0x0000, 0x0000, 0x0054,
    0x0419, 0x0007, 0x0000, 0x0000, 0x009F, 0x00A0, 0x107A, 0x147A, 0x04A0, 0x049F, 0x0007, 0x0007, 0x0000, 0x0000, 0x0091, 0x0091,
    0x0000, 0x0000, 0x0000, 0x0000, 0x00A1, 0x00A2, 0x0007, 0x0007, 0x0000, 0x0000, 0x0000, 0x0000, 0x0871, 0x0871, 0x0000, 0x0000,
    0x0000, 0x0000, 0x0000, 0x0000, 0x0000, 0x0000, 0x0000, 0x0000, 0x0000, 0x0000, 0x0091, 0x0091, 0x0000, 0x0000, 0x00A3, 0x00A4,
    0x00A4, 0x00A4, 0x00A4, 0x04A3, 0x0007, 0x0007, 0x0000, 0x0000, 0x0000, 0x0000, 0x0000, 0x0000, 0x0000, 0x0000, 0x0000, 0x0000,
    0x0000, 0x0000, 0x0000, 0x0000, 0x0000, 0x0053, 0x0006, 0x0007, 0x0000, 0x0000, 0x00A5, 0x00A6, 0x0086, 0x0486, 0x00A7, 0x00A8,
    0x0007, 0x0007, 0x0000, 0x0000, 0x0091, 0x0091, 0x0000, 0x0000, 0x0000, 0x0000, 0x00A9, 0x00AA, 0x0007, 0x0007, 0x0000, 0x0000,
    0x0000, 0x0000, 0x00AB, 0x04AB, 0x0000, 0x0000, 0x0000, 0x0000, 0x0000, 0x0000, 0x0000, 0x0000, 0x0000, 0x0000, 0x0000, 0x0000,
    0x0091, 0x0091, 0x0000, 0x0000, 0x00AC, 0x00AD, 0x00AD, 0x00AD, 0x00AD, 0x04AC, 0x0007, 0x0007, 0x0000, 0x0000, 0x0000, 0x0000,
    0x0000, 0x0000, 0x0000, 0x0000, 0x0000, 0x0000, 0x0000, 0x0000, 0x0000, 0x0000, 0x0000, 0x0054, 0x0419, 0x0007, 0x0000, 0x0000,
    0x0000, 0x0000, 0x0091, 0x0091, 0x0000, 0x0000, 0x0000, 0x0000, 0x0000, 0x0000, 0x0091, 0x0091, 0x0000, 0x0000, 0x0000, 0x0000,
    0x0000, 0x0000, 0x0000, 0x0000, 0x0000, 0x0000, 0x0000, 0x0000, 0x0000, 0x0000, 0x0000, 0x0000, 0x0000, 0x0000, 0x0000, 0x0000,
    0x0000, 0x0000, 0x0000, 0x0000, 0x0000, 0x0000, 0x0091, 0x0091, 0x0000, 0x0000, 0x00AE, 0x00AF, 0x00B0, 0x00B1, 0x00B2, 0x00B3,
    0x0007, 0x0007, 0x0000, 0x0000, 0x0000, 0x0000, 0x0000, 0x0000, 0x0000, 0x0000, 0x0000, 0x0000, 0x0000, 0x0000, 0x0000, 0x0000,
    0x0000, 0x0053, 0x0006, 0x0007, 0x0000, 0x0000, 0x0000, 0x0000, 0x0091, 0x0091, 0x0000, 0x0000, 0x0000, 0x0000, 0x0000, 0x0000,
    0x0091, 0x0091, 0x0000, 0x0000, 0x0000, 0x0000, 0x0000, 0x0000, 0x0000, 0x0000, 0x0000, 0x0000, 0x0000, 0x0000, 0x0000, 0x0000,
    0x0000, 0x0000, 0x0000, 0x0000, 0x0000, 0x0000, 0x0000, 0x0000, 0x0000, 0x0000, 0x0000, 0x0000, 0x0091, 0x0091, 0x0000, 0x0000,
    0x00B4, 0x00B5, 0x00B6, 0x00B7, 0x00B8, 0x00B9, 0x0007, 0x0007, 0x0000, 0x0000, 0x0068, 0x0069, 0x0000, 0x0000, 0x0000, 0x0000,
    0x0000, 0x0000, 0x0000, 0x0000, 0x0000, 0x0000, 0x0000, 0x0054, 0x0419, 0x0007, 0x0000, 0x0000, 0x0000, 0x0000, 0x0091, 0x0091,
    0x0000, 0x0000, 0x0000, 0x0000, 0x0000, 0x0000, 0x0091, 0x0091, 0x0000, 0x0000, 0x0000, 0x0000, 0x0000, 0x0000, 0x0000, 0x0000,
    0x0000, 0x0000, 0x0000, 0x0000, 0x0000, 0x0000, 0x0000, 0x0000, 0x0000, 0x0000, 0x0000, 0x0000, 0x0000, 0x0000, 0x0000, 0x0000,
    0x0000, 0x0000, 0x0091, 0x0091, 0x0000, 0x0000, 0x00BA, 0x00BB, 0x00BC, 0x00BD, 0x00BE, 0x00BF, 0x0007, 0x0007, 0x0000, 0x0000,
    0x1076, 0x2077, 0x0000, 0x0000, 0x0000, 0x0000, 0x0000, 0x0000, 0x0000, 0x0000, 0x0000, 0x0000, 0x0000, 0x0053, 0x0006, 0x0007,
    0x0000, 0x0000, 0x0000, 0x0000, 0x0091, 0x0091, 0x0000, 0x0000, 0x0000, 0x0000, 0x0000, 0x0000, 0x0091, 0x0091, 0x0000, 0x0000,
    0x0000, 0x0000, 0x0000, 0x0000, 0x0000, 0x0000, 0x0000, 0x0000, 0x0000, 0x0000, 0x0000, 0x0000, 0x0000, 0x0000, 0x0000, 0x0000,
    0x0000, 0x0000, 0x0000, 0x0000, 0x0000, 0x0000, 0x0000, 0x0000, 0x0091, 0x0091, 0x0000, 0x0000, 0x08A3, 0x08A4, 0x08A4, 0x00C0,
    0x00C1, 0x00C2, 0x0007, 0x0007, 0x0000, 0x0000, 0x0083, 0x0000, 0x0000, 0x0000, 0x0000, 0x0000, 0x0000, 0x0000, 0x0000, 0x0000,
    0x0000, 0x0000, 0x0000, 0x0054, 0x0419, 0x0007, 0x0000, 0x0000, 0x0000, 0x0000, 0x0091, 0x0091, 0x0091, 0x0091, 0x0091, 0x0091,
    0x0091, 0x0091, 0x0091, 0x0091, 0x0000, 0x0000, 0x0000, 0x0000, 0x0000, 0x0000, 0x0000, 0x0000, 0x0000, 0x0000, 0x0000, 0x0000,
    0x0000, 0x0000, 0x0000, 0x0000, 0x0000, 0x0000, 0x0000, 0x0000, 0x0000, 0x0000, 0x0000, 0x0000, 0x0000, 0x0000, 0x0091, 0x0091,
    0x0091, 0x0091, 0x0091, 0x0091, 0x0091, 0x0091, 0x0000, 0x0000, 0x0000, 0x0000, 0x0000, 0x0000, 0x108F, 0x0090, 0x0000, 0x0000,
    0x0000, 0x0000, 0x0000, 0x0000, 0x0000, 0x0000, 0x0000, 0x0000, 0x0000, 0x0053, 0x0006, 0x0007, 0x0000, 0x0000, 0x0000, 0x0000,
    0x0091, 0x0091, 0x0091, 0x0091, 0x0091, 0x0091, 0x0091, 0x0091, 0x0091, 0x0091, 0x0000, 0x0000, 0x0000, 0x0000, 0x0000, 0x0000,
    0x0000, 0x0000, 0x0000, 0x0000, 0x0000, 0x0000, 0x0000, 0x0000, 0x0000, 0x0000, 0x0000, 0x0000, 0x0000, 0x0000, 0x0000, 0x0000,
    0x0000, 0x0000, 0x0000, 0x0000, 0x0091, 0x0091, 0x0091, 0x0091, 0x0091, 0x0091, 0x0091, 0x0091, 0x0000, 0x0000, 0x0000, 0x0000,
    0x0000, 0x0000, 0x0094, 0x0095, 0x0000, 0x0000, 0x0000, 0x0000, 0x0000, 0x0000, 0x0000, 0x0000, 0x0000, 0x0000, 0x0000, 0x0054,
    0x0419, 0x0007, 0x0000, 0x0000, 0x0000, 0x0000, 0x0000, 0x0000, 0x0000, 0x0000, 0x0000, 0x0000, 0x0000, 0x0000, 0x0091, 0x0091,
    0x0000, 0x0000, 0x0000, 0x0000, 0x0032, 0x0033, 0x0034, 0x0033, 0x0034, 0x0033, 0x0034, 0x0033, 0x0034, 0x0033, 0x0034, 0x0033,
    0x0034, 0x0033, 0x0034, 0x0035, 0x0000, 0x0000, 0x0000, 0x0000, 0x0000, 0x0000, 0x0000, 0x0000, 0x0000, 0x0000, 0x0000, 0x0000,
    0x0000, 0x0000, 0x0000, 0x0000, 0x0000, 0x0000, 0x0000, 0x0000, 0x0000, 0x0000, 0x0000, 0x0000, 0x0000, 0x0000, 0x0000, 0x0000,
    0x0000, 0x0000, 0x0000, 0x0000, 0x0000, 0x0053, 0x0006, 0x0007, 0x0000, 0x0000, 0x0000, 0x0000, 0x0000, 0x0000, 0x0000, 0x0000,
    0x0000, 0x0000, 0x0000, 0x0000, 0x0091, 0x0091, 0x0000, 0x0000, 0x0000, 0x0000, 0x0045, 0x0046, 0x0047, 0x0046, 0x0047, 0x0046,
    0x0047, 0x0046, 0x0047, 0x0046, 0x0047, 0x0046, 0x0047, 0x0046, 0x0047, 0x0048, 0x0000, 0x0000, 0x0000, 0x0000, 0x0000, 0x0000,
    0x0000, 0x0000, 0x0000, 0x0000, 0x0000, 0x0000, 0x0000, 0x0000, 0x0000, 0x0000, 0x0000, 0x0000, 0x0000, 0x0000, 0x0000, 0x0000,
    0x0000, 0x0000, 0x0000, 0x0000, 0x0000, 0x0000, 0x0000, 0x0000, 0x0000, 0x0000, 0x0000, 0x0054, 0x0419, 0x0007, 0x0000, 0x0000,
    0x0000, 0x0000, 0x0000, 0x0000, 0x0000, 0x0000, 0x0000, 0x0000, 0x0000, 0x0000, 0x0091, 0x0091, 0x0000, 0x0000, 0x0000, 0x0000,
    0x004F, 0x0050, 0x0051, 0x0050, 0x0051, 0x0052, 0x0051, 0x0050, 0x0051, 0x0050, 0x0051, 0x0050, 0x0051, 0x0050, 0x0051, 0x0052,
    0x0007, 0x0007, 0x0000, 0x0000, 0x0000, 0x0000, 0x0000, 0x0000, 0x0000, 0x0000, 0x0000, 0x0000, 0x0000, 0x0000, 0x0000, 0x0000,
    0x0000, 0x0000, 0x0000, 0x0000, 0x0000, 0x0000, 0x0000, 0x0000, 0x0000, 0x0000, 0x0000, 0x0000, 0x0000, 0x0000, 0x0000, 0x0000,
    0x0000, 0x0053, 0x0006, 0x0007, 0x0000, 0x0000, 0x0000, 0x0000, 0x0000, 0x0000, 0x0068, 0x0069, 0x0000, 0x0000, 0x0000, 0x0000,
    0x0091, 0x0091, 0x0000, 0x0000, 0x0000, 0x0000, 0x0057, 0x0058, 0x0059, 0x0058, 0x0059, 0x005A, 0x0047, 0x0046, 0x0047, 0x0046,
    0x0047, 0x0046, 0x0047, 0x0046, 0x0047, 0x0048, 0x0007, 0x0007, 0x0000, 0x0000, 0x0000, 0x0000, 0x0000, 0x0000, 0x0000, 0x0000,
    0x0000, 0x0000, 0x0000, 0x0000, 0x0000, 0x0000, 0x0000, 0x0000, 0x0000, 0x0000, 0x0000, 0x0000, 0x0000, 0x0000, 0x0000, 0x0000,
    0x0000, 0x0000, 0x0000, 0x0000, 0x0000, 0x0000, 0x0000, 0x0054, 0x0419, 0x0007, 0x0000, 0x0000, 0x0000, 0x0000, 0x0000, 0x0000,
    0x1076, 0x2077, 0x0000, 0x0000, 0x0000, 0x0000, 0x0091, 0x0091, 0x0000, 0x0000, 0x0055, 0x0056, 0x00C3, 0x00C4, 0x00C5, 0x00C6,
    0x00C6, 0x00C7, 0x00C8, 0x00C9, 0x04C9, 0x04C8, 0x10CA, 0x10CB, 0x00C5, 0x00C6, 0x10CB, 0x10CC, 0x0007, 0x0007, 0x0000, 0x0000,
    0x0000, 0x0000, 0x0000, 0x0000, 0x0000, 0x0000, 0x0000, 0x0000, 0x0000, 0x0000, 0x0000, 0x0000, 0x0000, 0x0000, 0x0000, 0x0000,
    0x0000, 0x0000, 0x0000, 0x0000, 0x0000, 0x0000, 0x0000, 0x0000, 0x0000, 0x0000, 0x0000, 0x0000, 0x0000, 0x0053, 0x0006, 0x0007,
    0x0000, 0x0000, 0x0000, 0x0000, 0x0000, 0x0000, 0x0083, 0x0000, 0x0000, 0x0000, 0x0000, 0x0000, 0x0091, 0x0091, 0x0000, 0x0000,
    0x0055, 0x005B, 0x00CD, 0x00CE, 0x00CF, 0x00D0, 0x00D0, 0x00D1, 0x00D2, 0x00D3, 0x04D3, 0x04D2, 0x00D4, 0x00D5, 0x00CF, 0x00D0,
    0x00D5, 0x00D6, 0x0007, 0x0007, 0x0000, 0x0000, 0x0000, 0x0000, 0x0000, 0x0000, 0x0000, 0x0000, 0x0000, 0x0000, 0x0000, 0x0000,
    0x0000, 0x0000, 0x0000, 0x0000, 0x0000, 0x0000, 0x0000, 0x0000, 0x0000, 0x0000, 0x0000, 0x0000, 0x0000, 0x0000, 0x0000, 0x0000,
    0x0000, 0x0000, 0x0000, 0x0054, 0x0419, 0x0007, 0x0000, 0x0000, 0x0000, 0x0000, 0x0000, 0x0000, 0x108F, 0x0090, 0x0000, 0x0000,
    0x0000, 0x0000, 0x0091, 0x0091, 0x0000, 0x0000, 0x0055, 0x0063, 0x00D7, 0x00D8, 0x00D9, 0x00DA, 0x00DB, 0x00DC, 0x00DD, 0x00DE,
    0x00DE, 0x04DD, 0x00D7, 0x00D8, 0x00D9, 0x00DA, 0x00DB, 0x00DC, 0x0007, 0x0007, 0x0000, 0x0000, 0x0000, 0x0000, 0x0000, 0x0000,
    0x0000, 0x0000, 0x0000, 0x0000, 0x0000, 0x0000, 0x0000, 0x0000, 0x0000, 0x0000, 0x0000, 0x0000, 0x0000, 0x0000, 0x0000, 0x0000,
    0x0000, 0x0000, 0x0000, 0x0000, 0x0000, 0x0000, 0x0000, 0x0000, 0x0000, 0x0053, 0x0006, 0x0007, 0x0000, 0x0000, 0x0000, 0x0000,
    0x0000, 0x0000, 0x0094, 0x0095, 0x0000, 0x0000, 0x0000, 0x0000, 0x0091, 0x0091, 0x0000, 0x0000, 0x0070, 0x0071, 0x00DF, 0x00E0,
    0x00E1, 0x00E1, 0x00E1, 0x00E2, 0x00E3, 0x00E4, 0x00E4, 0x04E3, 0x00DF, 0x00E0, 0x00E1, 0x00E1, 0x00E1, 0x00E2, 0x0007, 0x0007,
    0x0000, 0x0000, 0x0000, 0x0000, 0x0000, 0x0000, 0x0000, 0x0000, 0x0000, 0x0000, 0x0000, 0x0000, 0x0000, 0x0000, 0x0000, 0x0000,
    0x0000, 0x0000, 0x0000, 0x0000, 0x0000, 0x0000, 0x0000, 0x0000, 0x0000, 0x0000, 0x0000, 0x0000, 0x0000, 0x0000, 0x0000, 0x0054,
    0x0419, 0x0007, 0x0000, 0x0000, 0x0000, 0x0000, 0x0000, 0x0000, 0x0000, 0x0000, 0x0000, 0x0000, 0x0000, 0x0000, 0x0091, 0x0091,
    0x0000, 0x0000, 0x0000, 0x0000, 0x00E5, 0x00E6, 0x00E7, 0x00E8, 0x00E9, 0x00EA, 0x0091, 0x0091, 0x0091, 0x0091, 0x00E5, 0x00E6,
    0x00E7, 0x00E8, 0x04E6, 0x04E5, 0x0007, 0x0007, 0x0000, 0x0000, 0x0000, 0x0000, 0x0000, 0x0000, 0x0000, 0x0000, 0x0000, 0x0000,
    0x0000, 0x0000, 0x0000, 0x0000, 0x0000, 0x0000, 0x0000, 0x0000, 0x0000, 0x0000, 0x0000, 0x0000, 0x0000, 0x0000, 0x0000, 0x0000,
    0x0000, 0x0000, 0x0000, 0x0000, 0x0000, 0x0053, 0x0006, 0x0007, 0x0000, 0x0000, 0x0000, 0x0000, 0x0000, 0x0000, 0x0000, 0x0000,
    0x0000, 0x0000, 0x0000, 0x0000, 0x0091, 0x0091, 0x0000, 0x0000, 0x0000, 0x0000, 0x00EB, 0x00EC, 0x00ED, 0x00EE, 0x00EF, 0x00F0,
    0x0091, 0x0091, 0x0091, 0x0091, 0x00EB, 0x00EC, 0x00ED, 0x00EE, 0x04EC, 0x04EB, 0x0007, 0x0007, 0x0000, 0x0000, 0x0000, 0x0000,
    0x0000, 0x0000, 0x0000, 0x0000, 0x0000, 0x0000, 0x0000, 0x0000, 0x0000, 0x0000, 0x0000, 0x0000, 0x0000, 0x0000, 0x0000, 0x0000,
    0x0000, 0x0000, 0x0000, 0x0000, 0x0000, 0x0000, 0x0000, 0x0000, 0x0000, 0x0000, 0x0000, 0x0054, 0x0419, 0x0007, 0x0000, 0x0000,
    0x0000, 0x0000, 0x0000, 0x0000, 0x0000, 0x0000, 0x0000, 0x0000, 0x0000, 0x0000, 0x0091, 0x0091, 0x0000, 0x0000, 0x0000, 0x0000,
    0x0000, 0x0000, 0x0000, 0x0000, 0x0092, 0x0093, 0x0091, 0x0091, 0x0091, 0x0091, 0x0092, 0x0093, 0x0000, 0x0000, 0x0000, 0x0000,
    0x0000, 0x0000, 0x0000, 0x0000, 0x0000, 0x0000, 0x0000, 0x0000, 0x0000, 0x0000, 0x0000, 0x0000, 0x0000, 0x0000, 0x0000, 0x0000,
    0x0000, 0x0000, 0x0000, 0x0000, 0x0000, 0x0000, 0x0000, 0x0000, 0x0000, 0x0000, 0x0000, 0x0000, 0x0000, 0x0000, 0x0000, 0x0000,
    0x0000, 0x0053, 0x0006, 0x0007, 0x0000, 0x0000, 0x0000, 0x0000, 0x0000, 0x0000, 0x0000, 0x0000, 0x0000, 0x0000, 0x0000, 0x0000,
    0x0091, 0x0091, 0x0000, 0x0000, 0x0000, 0x0000, 0x0000, 0x0000, 0x0000, 0x0000, 0x0096, 0x0496, 0x0091, 0x0091, 0x0091, 0x0091,
    0x0096, 0x0496, 0x0000, 0x0000, 0x0000, 0x0000, 0x0000, 0x0000, 0x0000, 0x0000, 0x0000, 0x0000, 0x0000, 0x0000, 0x0000, 0x0000,
    0x0000, 0x0000, 0x0000, 0x0000, 0x0000, 0x0000, 0x0000, 0x0000, 0x0000, 0x0000, 0x0000, 0x0000, 0x0000, 0x0000, 0x0000, 0x0000,
    0x0000, 0x0000, 0x0000, 0x0000, 0x0000, 0x0000, 0x0000, 0x0054, 0x0419, 0x0007, 0x0000, 0x0000, 0x0000, 0x0000, 0x0000, 0x0000,
    0x0000, 0x0000, 0x0000, 0x0000, 0x0000, 0x0000, 0x0091, 0x0091, 0x0000, 0x0000, 0x0000, 0x0000, 0x0000, 0x0000, 0x0000, 0x0000,
    0x0000, 0x0000, 0x0091, 0x0091, 0x0091, 0x0091, 0x0000, 0x0000, 0x0000, 0x0000, 0x0000, 0x0000, 0x0000, 0x0000, 0x0000, 0x0000,
    0x0000, 0x0000, 0x0000, 0x0000, 0x0000, 0x0000, 0x0000, 0x0000, 0x0000, 0x0000, 0x0000, 0x0000, 0x0000, 0x0000, 0x0032, 0x0033,
    0x0034, 0x0033, 0x0034, 0x0035, 0x0000, 0x0000, 0x0000, 0x0000, 0x0000, 0x0000, 0x0000, 0x0000, 0x0000, 0x0053, 0x0006, 0x0007,
    0x0000, 0x0000, 0x0000, 0x0000, 0x0000, 0x0000, 0x0000, 0x0000, 0x0000, 0x0000, 0x0000, 0x0000, 0x0091, 0x0091, 0x0000, 0x0000,
    0x0000, 0x0000, 0x0000, 0x0000, 0x0000, 0x0000, 0x0000, 0x0000, 0x0091, 0x0091, 0x0091, 0x0091, 0x0000, 0x0000, 0x0000, 0x0000,
    0x0000, 0x0000, 0x0000, 0x0000, 0x0000, 0x0000, 0x0000, 0x0000, 0x0000, 0x0000, 0x0000, 0x0000, 0x0000, 0x0000, 0x0000, 0x0000,
    0x0000, 0x0000, 0x0000, 0x0000, 0x0045, 0x0046, 0x0047, 0x0046, 0x0047, 0x0048, 0x0000, 0x0000, 0x0000, 0x0000, 0x0000, 0x0000,
    0x0000, 0x0000, 0x0000, 0x0054, 0x0419, 0x0007, 0x0000, 0x0000, 0x0000, 0x0000, 0x0000, 0x0000, 0x0000, 0x0000, 0x0000, 0x0000,
    0x0000, 0x0000, 0x0091, 0x0091, 0x0091, 0x0091, 0x0091, 0x0091, 0x0091, 0x0091, 0x0091, 0x0091, 0x0091, 0x0091, 0x0091, 0x0091,
    0x0091, 0x0091, 0x0091, 0x0091, 0x0091, 0x0091, 0x0091, 0x0091, 0x0000, 0x0000, 0x0000, 0x0000, 0x0000, 0x0000, 0x0000, 0x0000,
    0x0000, 0x0000, 0x0000, 0x0000, 0x0000, 0x0000, 0x0000, 0x0000, 0x0000, 0x0000, 0x004F, 0x0050, 0x0051, 0x0050, 0x0051, 0x0052,
    0x0007, 0x0007, 0x0000, 0x0000, 0x0000, 0x0000, 0x0000, 0x0000, 0x0000, 0x0053, 0x0006, 0x0007, 0x0000, 0x0000, 0x0000, 0x0000,
    0x0000, 0x0000, 0x0000, 0x0000, 0x0000, 0x0000, 0x0000, 0x0000, 0x0091, 0x0091, 0x0091, 0x0091, 0x0091, 0x0091, 0x0091, 0x0091,
    0x0091, 0x0091, 0x0091, 0x0091, 0x0091, 0x0091, 0x0091, 0x0091, 0x0091, 0x0091, 0x0091, 0x0091, 0x0091, 0x0091, 0x0000, 0x0000,
    0x0000, 0x0000, 0x0000, 0x0000, 0x0000, 0x0000, 0x0000, 0x0000, 0x0000, 0x0000, 0x0000, 0x0000, 0x0000, 0x0000, 0x0000, 0x0000,
    0x0045, 0x0046, 0x0047, 0x0046, 0x0047, 0x0048, 0x0007, 0x0007, 0x0000, 0x0000, 0x0000, 0x0000, 0x0000, 0x0000, 0x0000, 0x0054,
    0x0032, 0x0033, 0x0034, 0x0033, 0x0034, 0x0033, 0x0034, 0x0033, 0x0034, 0x0033, 0x0034, 0x0033, 0x0034, 0x0033, 0x0034, 0x0033,
    0x0034, 0x0033, 0x0034, 0x0033, 0x0034, 0x0033, 0x0034, 0x0033, 0x0034, 0x0033, 0x0034, 0x0035, 0x0000, 0x0000, 0x0000, 0x0000,
    0x0000, 0x0000, 0x0091, 0x0091, 0x0000, 0x0000, 0x0000, 0x0000, 0x0000, 0x0000, 0x0000, 0x0000, 0x0000, 0x0000, 0x0000, 0x0000,
    0x0000, 0x0000, 0x0000, 0x0000, 0x0000, 0x0000, 0x004F, 0x0050, 0x0051, 0x0050, 0x0051, 0x0052, 0x0007, 0x0007, 0x0000, 0x0000,
    0x0000, 0x0000, 0x0000, 0x0000, 0x0000, 0x0053, 0x0045, 0x0046, 0x0047, 0x0046, 0x0047, 0x0046, 0x0047, 0x0046, 0x0047, 0x0046,
    0x0047, 0x0046, 0x0047, 0x0046, 0x0047, 0x0046, 0x0047, 0x0046, 0x0047, 0x0046, 0x0047, 0x0046, 0x0047, 0x0046, 0x0047, 0x0046,
    0x0047, 0x0048, 0x0000, 0x0000, 0x0000, 0x0000, 0x0000, 0x0000, 0x0091, 0x0091, 0x0000, 0x0000, 0x0000, 0x0000, 0x0000, 0x0000,
    0x0000, 0x0000, 0x0000, 0x0000, 0x0000, 0x0000, 0x0000, 0x0000, 0x0000, 0x0000, 0x0000, 0x0000, 0x0057, 0x0058, 0x0059, 0x0058,
    0x0059, 0x005A, 0x0007, 0x0007, 0x0000, 0x0000, 0x0000, 0x0000, 0x0000, 0x0000, 0x0000, 0x0054, 0x004F, 0x0050, 0x0051, 0x0050,
    0x0051, 0x0050, 0x0051, 0x0050, 0x0051, 0x0050, 0x0051, 0x0050, 0x0051, 0x0050, 0x0051, 0x0050, 0x0051, 0x0050, 0x0051, 0x0050,
    0x0051, 0x0050, 0x0051, 0x0050, 0x0051, 0x0050, 0x0051, 0x0052, 0x0007, 0x0007, 0x0000, 0x0000, 0x0000, 0x0000, 0x0091, 0x0091,
    0x00F1, 0x00F2, 0x00F2, 0x00F2, 0x00F2, 0x00F3, 0x0000, 0x0000, 0x0000, 0x0000, 0x0000, 0x0000, 0x00F4, 0x00F5, 0x00F5, 0x00F6,
    0x0000, 0x0000, 0x10F7, 0x00F8, 0x10F9, 0x10FA, 0x10FB, 0x00FC, 0x0007, 0x0007, 0x0000, 0x0000, 0x0000, 0x0000, 0x0000, 0x0000,
    0x0000, 0x0053, 0x0057, 0x0058, 0x0059, 0x0058, 0x0059, 0x0058, 0x0059, 0x0058, 0x0059, 0x0058, 0x0059, 0x0058, 0x0059, 0x0058,
    0x0059, 0x0058, 0x0059, 0x0058, 0x0059, 0x0058, 0x0059, 0x0058, 0x0059, 0x0058, 0x0059, 0x0058, 0x0059, 0x005A, 0x0007, 0x0007,
    0x0068, 0x0069, 0x0000, 0x0000, 0x0091, 0x0091, 0x00FD, 0x00FE, 0x10FF, 0x0100, 0x0101, 0x0102, 0x0000, 0x0000, 0x0000, 0x0000,
    0x0000, 0x0000, 0x0103, 0x0104, 0x1105, 0x1106, 0x0000, 0x0000, 0x0107, 0x0108, 0x0109, 0x010A, 0x010B, 0x0507, 0x0007, 0x0007,
    0x0000, 0x0000, 0x0000, 0x0000, 0x0000, 0x0000, 0x0000, 0x0054, 0x010C, 0x010D, 0x010E, 0x010F, 0x0110, 0x0042, 0x010E, 0x010F,
    0x0110, 0x0042, 0x010E, 0x010F, 0x010E, 0x010F, 0x0110, 0x0042, 0x010E, 0x010F, 0x010E, 0x010F, 0x0110, 0x0042, 0x0110, 0x0042,
    0x0110, 0x0042, 0x0110, 0x0042, 0x0007, 0x0007, 0x1076, 0x2077, 0x0000, 0x0000, 0x0091, 0x0091, 0x0111, 0x0112, 0x1113, 0x0114,
    0x0115, 0x0116, 0x0007, 0x0007, 0x0000, 0x0000, 0x0117, 0x0118, 0x0119, 0x011A, 0x011B, 0x011C, 0x0007, 0x0007, 0x011D, 0x011E,
    0x011F, 0x0120, 0x0121, 0x051D, 0x0007, 0x0007, 0x0000, 0x0000, 0x0000, 0x0000, 0x0000, 0x0000, 0x0000, 0x0053, 0x0122, 0x0123,
    0x0124, 0x0125, 0x0042, 0x0042, 0x0124, 0x0125, 0x0042, 0x0042, 0x0124, 0x0125, 0x0124, 0x0125, 0x0042, 0x0042, 0x0124, 0x0125,
    0x0124, 0x0125, 0x0042, 0x0042, 0x0042, 0x0042, 0x0042, 0x0042, 0x0042, 0x0042, 0x0007, 0x0007, 0x0083, 0x0000, 0x0000, 0x0000,
    0x0091, 0x0091, 0x0126, 0x0127, 0x0128, 0x0129, 0x012A, 0x012B, 0x0007, 0x0007, 0x0000, 0x0000, 0x012C, 0x012D, 0x012E, 0x012F,
    0x0130, 0x0131, 0x0007, 0x0007, 0x0132, 0x0133, 0x0133, 0x0133, 0x0133, 0x0532, 0x0007, 0x0007, 0x0000, 0x0000, 0x0000, 0x0000,
    0x0000, 0x0000, 0x0000, 0x0054, 0x0134, 0x0042, 0x005C, 0x005D, 0x0060, 0x0460, 0x0061, 0x0062, 0x0110, 0x0042, 0x0110, 0x0042,
    0x0110, 0x0042, 0x005C, 0x005D, 0x0060, 0x0460, 0x0061, 0x0062, 0x0042, 0x0044, 0x0064, 0x0065, 0x005E, 0x005F, 0x0066, 0x0067,
    0x0007, 0x0007, 0x108F, 0x0090, 0x0000, 0x0000, 0x0091, 0x0091, 0x0000, 0x0000, 0x0000, 0x0000, 0x0000, 0x0000, 0x0000, 0x0000,
    0x0000, 0x0000, 0x0000, 0x0000, 0x0000, 0x0000, 0x0000, 0x0000, 0x0000, 0x0000, 0x0092, 0x0093, 0x0091, 0x0091, 0x0092, 0x0093,
    0x0000, 0x0000, 0x0000, 0x0000, 0x0000, 0x0000, 0x0000, 0x0000, 0x0000, 0x0053, 0x0135, 0x0042, 0x006A, 0x006B, 0x006D, 0x046D,
    0x006E, 0x006F, 0x0042, 0x0042, 0x0042, 0x0042, 0x0042, 0x0042, 0x006A, 0x006B, 0x006D, 0x046D, 0x006E, 0x006F, 0x0042, 0x0044,
    0x0072, 0x0073, 0x006C, 0x046C, 0x0074, 0x0075, 0x0007, 0x0007, 0x0094, 0x0095, 0x0000, 0x0000, 0x0091, 0x0091, 0x0000, 0x0000,
    0x0000, 0x0000, 0x0000, 0x0000, 0x0000, 0x0000, 0x0000, 0x0000, 0x0000, 0x0000, 0x0000, 0x0000, 0x0000, 0x0000, 0x0000, 0x0000,
    0x0096, 0x0496, 0x0091, 0x0091, 0x0096, 0x0496, 0x0000, 0x0000, 0x0000, 0x0000, 0x0000, 0x0000, 0x0000, 0x0000, 0x0000, 0x0054,
    0x0134, 0x0042, 0x0078, 0x0079, 0x007B, 0x007C, 0x007D, 0x007E, 0x0110, 0x0042, 0x0110, 0x0042, 0x0110, 0x0042, 0x0078, 0x0079,
    0x007B, 0x007C, 0x007D, 0x007E, 0x0042, 0x0044, 0x007F, 0x1080, 0x107A, 0x147A, 0x0081, 0x0082, 0x0007, 0x0007, 0x0000, 0x0000,
    0x0000, 0x0000, 0x0091, 0x0091, 0x0091, 0x0091, 0x0091, 0x0091, 0x0091, 0x0091, 0x0091, 0x0091, 0x0091, 0x0091, 0x0091, 0x0091,
    0x0091, 0x0091, 0x0091, 0x0091, 0x0091, 0x0091, 0x0091, 0x0091, 0x0091, 0x0091, 0x0000, 0x0000, 0x0000, 0x0000, 0x0000, 0x0000,
    0x0000, 0x0000, 0x0000, 0x0000, 0x0000, 0x0053, 0x0135, 0x0042, 0x0084, 0x0085, 0x0087, 0x0088, 0x0089, 0x008A, 0x0042, 0x0042,
    0x0042, 0x0042, 0x0042, 0x0042, 0x0084, 0x0085, 0x0087, 0x0088, 0x0089, 0x008A, 0x0042, 0x0044, 0x008B, 0x008C, 0x0086, 0x0486,
    0x008D, 0x008E, 0x0007, 0x0007, 0x0000, 0x0000, 0x0000, 0x0000, 0x0091, 0x0091, 0x0091, 0x0091, 0x0091, 0x0091, 0x0091, 0x0091,
    0x0091, 0x0091, 0x0091, 0x0091, 0x0091, 0x0091, 0x0091, 0x0091, 0x0091, 0x0091, 0x0091, 0x0091, 0x0091, 0x0091, 0x0091, 0x0091,
    0x0000, 0x0000, 0x0000, 0x0000, 0x0000, 0x0000, 0x0000, 0x0000, 0x0000, 0x0000, 0x0000, 0x0054, 0x0419, 0x0007, 0x0000, 0x0000,
    0x0000, 0x0000, 0x0000, 0x0000, 0x0000, 0x0000, 0x0000, 0x0000, 0x0000, 0x0000, 0x0000, 0x0000, 0x0000, 0x0000, 0x0000, 0x0000,
    0x0000, 0x0000, 0x0000, 0x0000, 0x0091, 0x0091, 0x0000, 0x0000, 0x0000, 0x0000, 0x0000, 0x0000, 0x0000, 0x0000, 0x0091, 0x0091,
    0x0000, 0x0000, 0x0000, 0x0000, 0x0000, 0x0000, 0x0000, 0x0000, 0x0000, 0x0000, 0x0000, 0x0000, 0x0000, 0x0000, 0x0000, 0x0000,
    0x0000, 0x0000, 0x0000, 0x0000, 0x0000, 0x0000, 0x0000, 0x0000, 0x0000, 0x0000, 0x0000, 0x0000, 0x0000, 0x0000, 0x0000, 0x0000,
    0x0000, 0x0053, 0x0006, 0x0007, 0x0000, 0x0000, 0x0000, 0x0000, 0x0000, 0x0000, 0x0000, 0x0000, 0x0000, 0x0000, 0x0000, 0x0000,
    0x0000, 0x0000, 0x0000, 0x0000, 0x0000, 0x0000, 0x0000, 0x0000, 0x0000, 0x0000, 0x0091, 0x0091, 0x0000, 0x0000, 0x0000, 0x0000,
    0x0000, 0x0000, 0x0000, 0x0000, 0x0091, 0x0091, 0x0000, 0x0000, 0x0000, 0x0000, 0x0000, 0x0000, 0x0000, 0x0000, 0x0000, 0x0000,
    0x0000, 0x0000, 0x0000, 0x0000, 0x0000, 0x0000, 0x0000, 0x0000, 0x0000, 0x0000, 0x0000, 0x0000, 0x0000, 0x0000, 0x0000, 0x0000,
    0x0000, 0x0000, 0x0000, 0x0000, 0x0000, 0x0000, 0x0000, 0x0054, 0x0419, 0x0007, 0x0000, 0x0000, 0x0000, 0x0000, 0x0000, 0x0000,
    0x0000, 0x0000, 0x0000, 0x0000, 0x0000, 0x0000, 0x0000, 0x0000, 0x0000, 0x0000, 0x0000, 0x0000, 0x0000, 0x0000, 0x0000, 0x0000,
    0x0091, 0x0091, 0x0091, 0x0091, 0x0091, 0x0091, 0x0091, 0x0091, 0x0091, 0x0091, 0x0091, 0x0091, 0x0000, 0x0000, 0x0000, 0x0000,
    0x0000, 0x0000, 0x0000, 0x0000, 0x0000, 0x0000, 0x0000, 0x0000, 0x0000, 0x0000, 0x0000, 0x0000, 0x0000, 0x0000, 0x0000, 0x0000,
    0x0000, 0x0000, 0x0000, 0x0000, 0x0000, 0x0000, 0x0000, 0x0000, 0x0000, 0x0000, 0x0000, 0x0000, 0x0000, 0x0053, 0x0006, 0x0007,
    0x0000, 0x0000, 0x0000, 0x0000, 0x0000, 0x0000, 0x0000, 0x0000, 0x0000, 0x0000, 0x0000, 0x0000, 0x0000, 0x0000, 0x0000, 0x0000,
    0x0000, 0x0000, 0x0000, 0x0000, 0x0000, 0x0000, 0x0091, 0x0091, 0x0091, 0x0091, 0x0091, 0x0091, 0x0091, 0x0091, 0x0091, 0x0091,
    0x0091, 0x0091, 0x0000, 0x0000, 0x0000, 0x0000, 0x0000, 0x0000, 0x0000, 0x0000, 0x0000, 0x0000, 0x0000, 0x0000, 0x0000, 0x0000,
    0x0000, 0x0000, 0x0000, 0x0000, 0x0000, 0x0000, 0x0000, 0x0000, 0x0000, 0x0000, 0x0000, 0x0000, 0x0000, 0x0000, 0x0000, 0x0000,
    0x0000, 0x0000, 0x0000, 0x0054, 0x0419, 0x0007, 0x0000, 0x0000, 0x0000, 0x0000, 0x0000, 0x0000, 0x0000, 0x0000, 0x0000, 0x0000,
    0x0000, 0x0000, 0x0000, 0x0000, 0x0000, 0x0000, 0x0000, 0x0000, 0x0000, 0x0000, 0x0000, 0x0000, 0x0000, 0x0000, 0x0000, 0x0000,
    0x0000, 0x0000, 0x0000, 0x0000, 0x0000, 0x0000, 0x0000, 0x0000, 0x0000, 0x0000, 0x0000, 0x0000, 0x0000, 0x0000, 0x0000, 0x0000,
    0x0000, 0x0000, 0x0000, 0x0000, 0x0000, 0x0000, 0x0000, 0x0000, 0x0000, 0x0000, 0x0000, 0x0000, 0x0000, 0x0000, 0x0000, 0x0000,
    0x0000, 0x0000, 0x0000, 0x0000, 0x0000, 0x0000, 0x0000, 0x0000, 0x0000, 0x0053, 0x0006, 0x0007, 0x0000, 0x0000, 0x0000, 0x0000,
    0x0000, 0x0000, 0x0000, 0x0000, 0x0000, 0x0000, 0x0000, 0x0000, 0x0000, 0x0000, 0x0000, 0x0000, 0x0000, 0x0000, 0x0000, 0x0000,
    0x0000, 0x0000, 0x0000, 0x0000, 0x0000, 0x0000, 0x0000, 0x0000, 0x0000, 0x0000, 0x0000, 0x0000, 0x0000, 0x0000, 0x0000, 0x0000,
    0x0000, 0x0000, 0x0000, 0x0000, 0x0000, 0x0000, 0x0000, 0x0000, 0x0000, 0x0000, 0x0000, 0x0000, 0x0000, 0x0000, 0x0000, 0x0000,
    0x0000, 0x0000, 0x0000, 0x0000, 0x0000, 0x0000, 0x0000, 0x0000, 0x0000, 0x0000, 0x0000, 0x0000, 0x0000, 0x0000, 0x0000, 0x0054,
    0x0419, 0x0007, 0x0000, 0x0000, 0x0000, 0x0000, 0x0000, 0x0000, 0x0000, 0x0000, 0x0000, 0x0000, 0x0000, 0x0000, 0x0000, 0x0000,
    0x0000, 0x0000, 0x0000, 0x0000, 0x0000, 0x0000, 0x0000, 0x0000, 0x0000, 0x0000, 0x0000, 0x0000, 0x0000, 0x0000, 0x0000, 0x0000,
    0x0000, 0x0000, 0x0000, 0x0000, 0x0000, 0x0000, 0x0000, 0x0000, 0x0000, 0x0000, 0x0000, 0x0000, 0x0000, 0x0000, 0x0000, 0x0000,
    0x0000, 0x0000, 0x0000, 0x0000, 0x0000, 0x0000, 0x0000, 0x0000, 0x0000, 0x0000, 0x0000, 0x0000, 0x0000, 0x0000, 0x0000, 0x0000,
    0x0000, 0x0000, 0x0000, 0x0000, 0x0000, 0x0053, 0x0006, 0x0007, 0x0000, 0x0000, 0x0000, 0x0000, 0x0000, 0x0000, 0x0000, 0x0000,
    0x0000, 0x0000, 0x0000, 0x0000, 0x0000, 0x0000, 0x0000, 0x0000, 0x0000, 0x0000, 0x0000, 0x0000, 0x0000, 0x0000, 0x0000, 0x0000,
    0x0000, 0x0000, 0x0000, 0x0000, 0x0000, 0x0000, 0x0000, 0x0000, 0x0000, 0x0000, 0x0000, 0x0000, 0x0000, 0x0000, 0x0000, 0x0000,
    0x0000, 0x0000, 0x0000, 0x0000, 0x0000, 0x0000, 0x0000, 0x0000, 0x0000, 0x0000, 0x0000, 0x0000, 0x0000, 0x0000, 0x0000, 0x0000,
    0x0000, 0x0000, 0x0000, 0x0000, 0x0000, 0x0000, 0x0000, 0x0000, 0x0000, 0x0000, 0x0000, 0x0054, 0x0419, 0x0007, 0x0000, 0x0000,
    0x0000, 0x0000, 0x0000, 0x0000, 0x0000, 0x0000, 0x0000, 0x0000, 0x0000, 0x0000, 0x0000, 0x0000, 0x0000, 0x0000, 0x0000, 0x0000,
    0x0000, 0x0000, 0x0000, 0x0000, 0x0000, 0x0000, 0x0000, 0x0000, 0x0000, 0x0000, 0x0000, 0x0000, 0x0000, 0x0000, 0x0000, 0x0000,
    0x0000, 0x0000, 0x0000, 0x0000, 0x0000, 0x0000, 0x0000, 0x0000, 0x0000, 0x0000, 0x0000, 0x0000, 0x0000, 0x0000, 0x0000, 0x0000,
    0x0000, 0x0000, 0x0000, 0x0000, 0x0000, 0x0000, 0x0000, 0x0000, 0x0000, 0x0000, 0x0000, 0x0000, 0x0000, 0x0000, 0x0000, 0x0000,
    0x0000, 0x0053, 0x0006, 0x0007, 0x0000, 0x0000, 0x0000, 0x0000, 0x0000, 0x0000, 0x0000, 0x0000, 0x0000, 0x0000, 0x0000, 0x0000,
    0x0000, 0x0000, 0x0000, 0x0000, 0x0000, 0x0000, 0x0000, 0x0000, 0x0000, 0x0000, 0x0000, 0x0000, 0x0000, 0x0000, 0x0000, 0x0000,
    0x0000, 0x0000, 0x0000, 0x0000, 0x0000, 0x0000, 0x0000, 0x0000, 0x0000, 0x0000, 0x0000, 0x0000, 0x0000, 0x0000, 0x0000, 0x0000,
    0x0000, 0x0000, 0x0000, 0x0000, 0x0000, 0x0000, 0x0000, 0x0000, 0x0000, 0x0000, 0x0000, 0x0000, 0x0000, 0x0000, 0x0000, 0x0000,
    0x0000, 0x0000, 0x0000, 0x0000, 0x0000, 0x0000, 0x0000, 0x0054, 0x0419, 0x0007, 0x0000, 0x0000, 0x0000, 0x0000, 0x0000, 0x0000,
    0x0000, 0x0000, 0x0000, 0x0000, 0x0000, 0x0000, 0x0000, 0x0000, 0x0000, 0x0000, 0x0000, 0x0000, 0x0000, 0x0000, 0x0000, 0x0000,
    0x0000, 0x0000, 0x0000, 0x0000, 0x0000, 0x0000, 0x0000, 0x0000, 0x0000, 0x0000, 0x0000, 0x0000, 0x0000, 0x0000, 0x0000, 0x0000,
    0x0000, 0x0000, 0x0000, 0x0000, 0x0000, 0x0000, 0x0000, 0x0000, 0x0000, 0x0000, 0x0000, 0x0000, 0x0000, 0x0000, 0x0000, 0x0000,
    0x0000, 0x0000, 0x0000, 0x0000, 0x0000, 0x0000, 0x0000, 0x0000, 0x0000, 0x0000, 0x0000, 0x0000, 0x0000, 0x0053, 0x0006, 0x0007,
    0x0000, 0x0000, 0x0000, 0x0000, 0x0000, 0x0000, 0x0000, 0x0000, 0x0000, 0x0000, 0x0000, 0x0000, 0x0000, 0x0000, 0x0000, 0x0000,
    0x0000, 0x0000, 0x0000, 0x0000, 0x0000, 0x0000, 0x0000, 0x0000, 0x0000, 0x0000, 0x0000, 0x0000, 0x0000, 0x0000, 0x0000, 0x0000,
    0x0000, 0x0000, 0x0000, 0x0000, 0x0000, 0x0000, 0x0000, 0x0000, 0x0000, 0x0000, 0x0000, 0x0000, 0x0000, 0x0000, 0x0000, 0x0000,
    0x0000, 0x0000, 0x0000, 0x0000, 0x0000, 0x0000, 0x0000, 0x0000, 0x0000, 0x0000, 0x0000, 0x0000, 0x0000, 0x0000, 0x0000, 0x0000,
    0x0000, 0x0000, 0x0000, 0x0054,
};

static const uint8_t start_collision[4900] __attribute__((aligned(4))) =
{
    0, 0, 0, 0, 0, 0, 0, 0, 0, 0, 0, 0, 0, 0, 0, 0, 0, 0, 0, 0, 0, 0, 0, 0, 0, 0, 0, 0, 0, 0, 0, 0, 0, 0, 0, 0, 0, 0, 0, 0, 0, 0, 0, 0, 0, 0, 0, 0, 0, 0, 0, 0, 0, 0, 0, 0, 0, 0, 0, 0, 0, 0, 0, 0,
    0, 0, 0, 0, 0, 0, 0, 0, 0, 0, 0, 0, 0, 0, 0, 0, 0, 0, 0, 0, 0, 0, 0, 0, 0, 0, 0, 0, 0, 0, 0, 0, 0, 0, 0, 0, 0, 0, 0, 0, 0, 0, 0, 0, 0, 0, 0, 0, 0, 0, 0, 0, 0, 0, 0, 0, 0, 0, 0, 0, 0, 0, 0, 0,
    0, 0, 0, 0, 0, 0, 0, 0, 0, 0, 0, 0, 0, 0, 0, 0, 0, 0, 0, 0, 0, 0, 0, 0, 0, 0, 0, 0, 0, 0, 0, 0, 0, 0, 0, 0, 0, 0, 0, 0, 0, 0, 0, 0, 0, 0, 0, 0, 0, 0, 0, 0, 0, 0, 0, 0, 0, 0, 0, 0, 0, 0, 0, 0,
    0, 0, 0, 0, 0, 0, 0, 0, 0, 0, 0, 0, 0, 0, 0, 0, 0, 0, 0, 0, 0, 0, 0, 0, 0, 0, 0, 0, 0, 0, 0, 0, 0, 0, 0, 0, 0, 0, 0, 0, 0, 0, 0, 0, 0, 0, 0, 0, 0, 0, 0, 0, 0, 0, 0, 0, 0, 0, 0, 0, 0, 0, 0, 0,
    0, 0, 0, 0, 0, 0, 0, 0, 0, 0, 0, 0, 0, 0, 0, 0, 0, 0, 0, 0, 0, 0, 0, 0, 0, 0, 0, 0, 0, 0, 0, 0, 0, 0, 0, 1, 1, 1, 1, 0, 0, 0, 0, 0, 0, 0, 0, 0, 0, 0, 0, 0, 0, 1, 1, 1, 1, 0, 0, 0, 0, 0, 0, 0,
    0, 0, 1, 1, 1, 1, 1, 1, 0, 0, 0, 0, 0, 0, 0, 0, 0, 0, 0, 0, 0, 0, 0, 0, 0, 0, 0, 0, 0, 0, 1, 1, 1, 1, 1, 1, 1, 1, 1, 1, 1, 1, 1, 1, 1, 1, 1, 0, 0, 0, 0, 0, 0, 0, 0, 0, 1, 1, 1, 1, 1, 1, 1, 1,
    1, 1, 1, 1, 1, 1, 1, 1, 1, 1, 1, 1, 1, 1, 1, 1, 1, 1, 1, 1, 1, 1, 1, 1, 1, 1, 1, 1, 1, 1, 1, 1, 1, 1, 1, 1, 1, 0, 0, 0, 0, 0, 0, 0, 0, 0, 0, 0, 0, 0, 0, 0, 1, 0, 0, 0, 0, 0, 0, 0, 0, 0, 1, 1,
    0, 0, 0, 0, 0, 0, 0, 0, 0, 0, 0, 0, 0, 0, 1, 0, 0, 0, 0, 1, 0, 0, 0, 0, 0, 0, 0, 0, 0, 0, 0, 0, 0, 0, 0, 0, 0, 0, 0, 0, 0, 0, 1, 0, 0, 0, 0, 0, 0, 0, 0, 0, 0, 0, 0, 0, 0, 0, 1, 0, 0, 0, 0, 0,
    0, 0, 0, 0, 1, 1, 0, 0, 0, 0, 0, 0, 0, 0, 0, 0, 0, 0, 0, 0, 1, 0, 0, 0, 0, 1, 0, 0, 0, 0, 0, 0, 0, 0, 0, 0, 0, 0, 0, 0, 0, 0, 0, 0, 0, 0, 0, 0, 1, 0, 0, 0, 0, 0, 0, 0, 0, 0, 0, 0, 0, 0, 0, 0,
    1, 0, 0, 0, 0, 0, 0, 0, 0, 0, 1, 1, 0, 0, 0, 0, 0, 0, 0, 0, 0, 0, 0, 0, 0, 1, 1, 0, 0, 0, 0, 1, 0, 0, 0, 0, 0, 0, 0, 0, 0, 0, 0, 0, 0, 0, 0, 0, 0, 0, 0, 0, 0, 0, 1, 0, 0, 0, 0, 0, 0, 0, 0, 0,
    0, 0, 0, 0, 0, 0, 1, 1, 0, 0, 0, 0, 0, 0, 0, 0, 0, 1, 0, 0, 0, 0, 0, 0, 0, 0, 0, 0, 0, 0, 0, 1, 1, 0, 0, 0, 0, 1, 0, 0, 0, 0, 0, 0, 0, 0, 0, 0, 0, 0, 0, 0, 0, 0, 0, 0, 0, 0, 0, 0, 1, 0, 0, 0,
    0, 0, 0, 0, 0, 0, 0, 0, 0, 0, 0, 0, 1, 1, 1, 1, 1, 1, 1, 0, 0, 0, 1, 1, 0, 0, 0, 0, 0, 0, 0, 0, 0, 0, 0, 0, 0, 1, 1, 1, 1, 1, 1, 1, 0, 0, 0, 0, 0, 0, 0, 0, 0, 0, 0, 0, 0, 0, 0, 0, 0, 0, 0, 0,
    0, 0, 1, 0, 0, 0, 0, 0, 0, 0, 0, 0, 0, 0, 0, 0, 0, 0, 1, 1, 0, 0, 0, 0, 1, 0, 0, 0, 1, 1, 0, 0, 0, 0, 0, 0, 0, 0, 0, 0, 0, 0, 0, 0, 1, 1, 0, 0, 1, 1, 0, 0, 0, 0, 0, 0, 0, 0, 0, 0, 0, 0, 0, 0,
    0, 0, 0, 0, 0, 0, 0, 0, 1, 0, 0, 0, 0, 0, 0, 0, 0, 0, 0, 0, 0, 0, 0, 0, 1, 1, 0, 0, 0, 0, 1, 0, 0, 0, 0, 1, 0, 0, 0, 0, 0, 0, 0, 0, 0, 0, 0, 0, 0, 0, 1, 1, 0, 0, 1, 1, 0, 0, 0, 0, 0, 0, 0, 0,
    0, 0, 0, 0, 0, 0, 0, 0, 0, 0, 0, 0, 0, 0, 1, 0, 0, 0, 0, 0, 0, 0, 0, 0, 0, 0, 0, 0, 0, 0, 1, 1, 0, 0, 0, 0, 1, 1, 1, 1, 1, 1, 0, 0, 0, 0, 0, 0, 0, 0, 0, 0, 0, 0, 0, 0, 1, 1, 0, 0, 1, 1, 0, 0,
    0, 0, 0, 0, 0, 0, 0, 0, 0, 0, 0, 0, 0, 0, 0, 0, 0, 0, 0, 0, 1, 0, 0, 0, 0, 0, 0, 0, 0, 0, 0, 0, 0, 0, 0, 0, 0, 0, 0, 0, 0, 0, 0, 0, 0, 0, 0, 0, 0, 0, 0, 0, 0, 0, 0, 0, 0, 0, 0, 0, 0, 0, 0, 0,
    0, 0, 0, 0, 0, 0, 0, 0, 0, 0, 0, 0, 0, 0, 0, 0, 0, 0, 0, 0, 0, 0, 0, 0, 0, 0, 1, 0, 0, 0, 0, 0, 0, 0, 0, 0, 0, 0, 0, 0, 0, 0, 0, 0, 0, 0, 0, 0, 0, 0, 0, 0, 0, 0, 0, 0, 0, 0, 0, 0, 0, 0, 0, 0,
    0, 0, 0, 0, 0, 0, 0, 0, 0, 0, 0, 0, 0, 0, 0, 0, 0, 0, 0, 0, 0, 0, 0, 0, 0, 0, 0, 0, 0, 0, 0, 0, 1, 0, 0, 0, 1, 1, 1, 1, 1, 1, 0, 0, 0, 0, 0, 0, 0, 0, 0, 0, 0, 0, 0, 0, 0, 0, 0, 0, 0, 0, 0, 0,
    0, 0, 0, 0, 0, 0, 0, 0, 0, 0, 0, 0, 0, 0, 0, 0, 0, 0, 0, 0, 0, 0, 0, 0, 0, 0, 0, 0, 0, 0, 0, 0, 0, 0, 0, 0, 0, 0, 1, 0, 0, 0, 1, 0, 0, 0, 0, 1, 0, 0, 0, 0, 0, 0, 0, 0, 0, 0, 0, 0, 0, 0, 0, 0,
    0, 0, 0, 0, 0, 0, 0, 0, 0, 0, 0, 0, 0, 0, 0, 0, 0, 0, 0, 0, 0, 0, 0, 0, 0, 0, 0, 0, 0, 0, 0, 0, 0, 0, 0, 0, 0, 0, 0, 0, 0, 0, 0, 0, 1, 0, 0, 0, 1, 0, 0, 0, 0, 1, 0, 0, 0, 0, 0, 0, 0, 0, 0, 0,
    0, 0, 0, 0, 0, 0, 0, 0, 0, 0, 0, 0, 0, 0, 0, 0, 0, 0, 0, 0, 0, 0, 0, 0, 0, 0, 0, 0, 0, 0, 0, 0, 0, 0, 0, 0, 0, 0, 0, 0, 0, 0, 0, 0, 0, 0, 0, 0, 0, 0, 1, 0, 0, 0, 1, 0, 0, 0, 1, 1, 0, 0, 0, 0,
    0, 0, 0, 0, 0, 0, 0, 0, 0, 0, 0, 0, 0, 0, 0, 0, 0, 0, 0, 0, 0, 0, 0, 0, 0, 0, 0, 0, 0, 0, 0, 0, 0, 0, 0, 0, 0, 0, 0, 0, 0, 0, 0, 0, 0, 0, 0, 0, 0, 0, 0, 0, 0, 0, 0, 0, 1, 0, 0, 0, 1, 0, 0, 0,
    1, 1, 0, 0, 0, 0, 0, 0, 0, 0, 0, 0, 0, 0, 0, 0, 0, 0, 0, 0, 0, 0, 0, 0, 0, 0, 0, 0, 0, 0, 0, 0, 0, 0, 0, 0, 0, 0, 1, 1, 1, 1, 1, 1, 0, 0, 0, 0, 0, 0, 0, 0, 0, 0, 0, 0, 0, 0, 0, 0, 0, 0, 1, 0,
    0, 0, 1, 0, 0, 0, 1, 1, 0, 0, 0, 0, 0, 0, 0, 0, 0, 0, 0, 0, 0, 0, 0, 0, 0, 0, 0, 0, 0, 0, 0, 0, 0, 0, 0, 0, 0, 0, 0, 0, 0, 0, 0, 0, 1, 0, 0, 0, 0, 1, 0, 0, 0, 0, 0, 0, 0, 0, 0, 0, 0, 0, 0, 0,
    0, 0, 0, 0, 1, 0, 0, 0, 1, 1, 1, 1, 1, 1, 0, 0, 0, 0, 0, 0, 0, 0, 0, 0, 0, 0, 0, 0, 0, 0, 0, 0, 0, 0, 0, 0, 0, 0, 0, 0, 0, 0, 0, 0, 0, 0, 0, 0, 0, 0, 1, 0, 0, 0, 0, 1, 0, 0, 0, 0, 0, 0, 0, 0,
    0, 0, 0, 0, 0, 0, 0, 0, 0, 0, 1, 0, 0, 0, 1, 1, 0, 0, 1, 1, 0, 0, 0, 0, 0, 0, 0, 0, 0, 0, 0, 0, 0, 0, 0, 0, 0, 0, 0, 0, 0, 0, 0, 0, 0, 0, 0, 0, 0, 0, 0, 0, 0, 0, 0, 0, 1, 0, 0, 0, 0, 1, 0, 0,
    0, 0, 0, 0, 0, 0, 0, 0, 0, 0, 0, 0, 0, 0, 0, 0, 1, 0, 0, 0, 1, 1, 0, 0, 1, 1, 0, 0, 0, 0, 0, 0, 0, 0, 0, 0, 1, 1, 0, 0, 0, 0, 0, 0, 0, 0, 0, 0, 0, 0, 0, 0, 0, 0, 0, 0, 0, 0, 0, 0, 0, 0, 1, 0,
    0, 0, 0, 1, 0, 0, 0, 0, 0, 0, 0, 0, 0, 0, 0, 0, 0, 0, 0, 0, 0, 0, 1, 0, 0, 0, 1, 1, 0, 0, 1, 1, 0, 0, 0, 0, 0, 0, 0, 0, 0, 0, 1, 1, 0, 0, 0, 0, 0, 0, 1, 1, 0, 0, 0, 0, 0, 0, 0, 0, 0, 0, 0, 0,
    0, 0, 0, 0, 1, 0, 0, 0, 0, 1, 0, 0, 0, 0, 0, 0, 0, 0, 0, 0, 0, 0, 0, 0, 0, 0, 0, 0, 1, 0, 0, 0, 0, 0, 0, 0, 0, 0, 0, 0, 0, 0, 0, 0, 0, 0, 0, 0, 0, 0, 0, 0, 0, 0, 0, 0, 0, 0, 0, 0, 0, 0, 0, 0,
    0, 0, 0, 0, 0, 0, 0, 0, 0, 0, 1, 0, 0, 0, 0, 1, 0, 0, 0, 0, 0, 0, 0, 0, 0, 0, 0, 0, 0, 0, 0, 0, 0, 0, 1, 0, 0, 0, 0, 0, 0, 0, 0, 0, 0, 0, 0, 0, 0, 0, 0, 0, 0, 0, 0, 0, 0, 0, 0, 0, 0, 0, 0, 0,
    0, 0, 0, 0, 0, 0, 0, 0, 0, 0, 0, 0, 0, 0, 0, 0, 1, 0, 0, 0, 0, 1, 0, 0, 0, 0, 0, 0, 0, 0, 0, 0, 0, 0, 0, 0, 0, 0, 0, 0, 1, 0, 0, 0, 0, 0, 0, 0, 0, 0, 0, 0, 0, 0, 0, 0, 0, 0, 0, 0, 0, 0, 0, 0,
    0, 0, 0, 0, 0, 0, 0, 0, 0, 0, 0, 0, 0, 0, 0, 0, 0, 0, 0, 0, 0, 0, 1, 0, 0, 0, 0, 1, 0, 0, 0, 0, 0, 0, 0, 0, 0, 0, 0, 0, 0, 0, 0, 0, 0, 0, 1, 0, 0, 0, 0, 0, 0, 0, 0, 0, 0, 0, 0, 0, 0, 0, 0, 0,
    0, 0, 0, 0, 0, 0, 0, 0, 0, 0, 0, 0, 0, 0, 0, 0, 0, 0, 0, 0, 0, 0, 0, 0, 0, 0, 0, 0, 1, 1, 1, 1, 1, 1, 0, 0, 0, 0, 0, 0, 0, 0, 0, 0, 0, 0, 0, 0, 0, 0, 0, 0, 1, 0, 0, 0, 0, 0, 0, 0, 0, 0, 0, 0,
    0, 0, 0, 0, 0, 0, 0, 0, 0, 0, 0, 0, 0, 0, 0, 0, 0, 0, 0, 0, 0, 0, 0, 0, 0, 0, 0, 0, 0, 0, 0, 0, 0, 0, 0, 0, 0, 0, 0, 0, 0, 0, 0, 0, 0, 0, 0, 0, 0, 0, 0, 0, 0, 0, 0, 0, 0, 0, 1, 0, 0, 0, 0, 0,
    0, 0, 0, 0, 0, 0, 0, 0, 0, 0, 0, 0, 0, 0, 0, 0, 0, 0, 0, 0, 0, 0, 0, 0, 0, 0, 0, 0, 0, 0, 0, 0, 0, 0, 0, 0, 0, 0, 0, 0, 0, 0, 0, 0, 0, 0, 0, 0, 0, 0, 0, 0, 0, 0, 0, 0, 0, 0, 0, 0, 0, 0, 0, 0,
    1, 0, 0, 0, 0, 0, 0, 0, 0, 0, 0, 1, 1, 1, 1, 1, 1, 1, 1, 0, 1, 1, 1, 1, 1, 1, 1, 1, 1, 1, 1, 1, 1, 1, 1, 1, 0, 0, 0, 0, 0, 0, 0, 0, 0, 0, 0, 0, 0, 0, 0, 0, 0, 0, 0, 0, 0, 0, 0, 0, 0, 0, 0, 0,
    0, 0, 0, 0, 0, 0, 1, 0, 0, 0, 0, 0, 0, 0, 0, 0, 0, 1, 1, 1, 1, 1, 1, 1, 1, 0, 1, 1, 0, 0, 0, 0, 0, 0, 0, 0, 0, 0, 0, 0, 0, 1, 0, 0, 0, 0, 0, 0, 0, 0, 0, 0, 0, 0, 0, 0, 0, 0, 0, 0, 0, 0, 0, 0,
    0, 0, 0, 0, 0, 0, 0, 0, 0, 0, 0, 0, 1, 0, 0, 0, 0, 0, 0, 0, 0, 0, 0, 1, 1, 1, 1, 1, 1, 1, 1, 0, 1, 0, 0, 0, 0, 0, 0, 0, 0, 0, 0, 0, 0, 0, 0, 1, 0, 0, 0, 0, 0, 0, 0, 0, 0, 0, 0, 0, 0, 0, 0, 0,
    0, 0, 0, 0, 0, 0, 0, 0, 0, 0, 0, 0, 0, 0, 0, 0, 0, 0, 1, 0, 0, 0, 0, 0, 0, 0, 0, 0, 0, 1, 1, 1, 1, 1, 1, 1, 1, 0, 1, 0, 0, 0, 0, 1, 1, 1, 1, 1, 1, 0, 0, 0, 0, 1, 0, 0, 0, 0, 0, 0, 0, 0, 0, 0,
    0, 0, 0, 0, 0, 0, 0, 0, 0, 0, 0, 0, 0, 0, 0, 0, 0, 0, 0, 0, 0, 0, 0, 0, 1, 0, 0, 0, 0, 0, 0, 0, 0, 0, 0, 1, 1, 1, 1, 1, 1, 1, 1, 1, 1, 0, 0, 0, 0, 1, 0, 0, 0, 0, 1, 0, 0, 0, 0, 1, 0, 0, 0, 0,
    0, 0, 0, 0, 0, 0, 0, 0, 0, 0, 0, 0, 0, 0, 0, 0, 0, 0, 0, 0, 0, 0, 0, 0, 0, 0, 0, 0, 0, 0, 1, 0, 0, 0, 0, 0, 0, 0, 0, 0, 0, 1, 1, 1, 1, 0, 0, 1, 1, 1, 0, 0, 0, 0, 0, 1, 0, 0, 0, 0, 1, 0, 0, 0,
    0, 1, 0, 0, 0, 0, 0, 0, 0, 0, 0, 0, 0, 0, 0, 0, 0, 0, 0, 0, 0, 0, 0, 0, 0, 0, 0, 0, 0, 0, 0, 0, 0, 0, 0, 0, 1, 0, 0, 0, 0, 0, 0, 0, 0, 0, 0, 1, 1, 1, 1, 0, 0, 1, 1, 1, 1, 0, 0, 0, 0, 1, 0, 0,
    0, 0, 1, 0, 0, 0, 0, 1, 0, 0, 0, 0, 0, 0, 0, 0, 0, 0, 0, 0, 0, 0, 0, 0, 0, 0, 0, 0, 0, 0, 0, 0, 0, 0, 0, 0, 0, 0, 0, 0, 0, 0, 1, 0, 0, 0, 0, 0, 0, 0, 0, 0, 0, 0, 0, 0, 0, 0, 0, 0, 0, 0, 1, 0,
    0, 0, 0, 1, 0, 0, 0, 0, 1, 0, 0, 0, 0, 1, 0, 0, 0, 0, 0, 0, 0, 0, 0, 0, 0, 0, 0, 0, 0, 0, 0, 0, 0, 0, 0, 0, 0, 0, 0, 0, 0, 0, 0, 0, 0, 0, 0, 0, 1, 0, 0, 0, 0, 0, 0, 0, 0, 0, 0, 0, 0, 0, 0, 0,
    0, 0, 0, 0, 1, 0, 0, 0, 0, 1, 0, 0, 0, 0, 1, 0, 0, 0, 0, 1, 0, 0, 0, 0, 0, 0, 0, 0, 0, 0, 0, 0, 0, 0, 0, 0, 0, 0, 0, 0, 0, 0, 0, 0, 0, 0, 0, 0, 0, 0, 0, 0, 0, 0, 1, 0, 0, 0, 0, 0, 0, 0, 0, 0,
    0, 0, 0, 0, 0, 0, 0, 0, 0, 0, 1, 1, 1, 1, 1, 1, 0, 0, 0, 0, 1, 1, 1, 1, 1, 1, 0, 0, 0, 0, 0, 0, 0, 0, 0, 0, 0, 0, 0, 0, 0, 0, 0, 0, 0, 0, 0, 0, 0, 0, 0, 0, 0, 0, 0, 0, 0, 0, 0, 0, 1, 0, 0, 0,
    0, 0, 0, 0, 0, 0, 0, 0, 0, 0, 0, 0, 0, 0, 0, 0, 0, 0, 0, 0, 1, 1, 0, 0, 0, 0, 1, 1, 0, 0, 0, 0, 0, 0, 0, 0, 0, 0, 0, 0, 0, 0, 0, 0, 0, 0, 0, 0, 0, 0, 0, 0, 0, 0, 0, 0, 0, 0, 0, 0, 0, 0, 0, 0,
    0, 0, 1, 0, 0, 0, 0, 0, 0, 0, 0, 0, 0, 0, 0, 0, 0, 0, 0, 0, 0, 0, 0, 0, 0, 0, 0, 0, 0, 0, 0, 0, 0, 0, 0, 0, 0, 0, 0, 0, 0, 0, 0, 0, 0, 0, 0, 0, 0, 0, 0, 0, 0, 0, 0, 0, 0, 0, 0, 0, 0, 0, 0, 0,
    0, 0, 0, 0, 0, 0, 0, 0, 1, 0, 0, 0, 0, 0, 0, 0, 0, 0, 0, 0, 0, 0, 0, 0, 0, 0, 0, 0, 0, 0, 0, 0, 0, 0, 0, 0, 0, 0, 0, 0, 0, 0, 0, 0, 0, 0, 0, 0, 0, 0, 0, 0, 0, 0, 0, 0, 0, 0, 0, 0, 0, 0, 1, 1,
    1, 1, 1, 1, 0, 0, 0, 0, 0, 0, 0, 0, 0, 0, 1, 0, 0, 0, 0, 0, 0, 0, 0, 0, 0, 0, 0, 0, 0, 0, 0, 0, 0, 0, 0, 0, 0, 0, 0, 0, 0, 0, 0, 0, 0, 0, 0, 0, 0, 0, 0, 0, 0, 0, 0, 0, 0, 0, 0, 0, 0, 0, 0, 0,
    0, 0, 0, 0, 1, 1, 1, 0, 1, 1, 0, 0, 0, 0, 0, 0, 0, 0, 0, 0, 1, 0, 0, 0, 0, 0, 0, 0, 0, 0, 0, 0, 0, 0, 0, 0, 0, 0, 0, 0, 0, 0, 0, 0, 0, 0, 0, 0, 0, 0, 0, 0, 0, 0, 0, 0, 0, 0, 0, 0, 0, 0, 0, 0,
    0, 0, 0, 0, 0, 0, 0, 0, 0, 0, 1, 0, 0, 0, 0, 1, 0, 0, 0, 0, 0, 0, 0, 0, 0, 0, 1, 0, 0, 0, 0, 0, 0, 0, 0, 0, 0, 0, 0, 0, 0, 0, 0, 0, 0, 0, 0, 0, 0, 0, 0, 0, 0, 0, 0, 0, 0, 0, 0, 0, 0, 0, 0, 0,
    0, 0, 0, 0, 0, 0, 0, 0, 0, 0, 0, 0, 0, 0, 0, 0, 1, 0, 0, 0, 0, 1, 0, 0, 0, 0, 0, 0, 0, 0, 0, 0, 1, 1, 1, 1, 1, 1, 1, 1, 1, 1, 1, 1, 1, 1, 1, 1, 1, 1, 1, 1, 1, 1, 1, 1, 1, 1, 1, 1, 0, 0, 0, 0,
    0, 0, 0, 0, 0, 0, 0, 0, 0, 0, 0, 0, 0, 0, 0, 0, 0, 0, 0, 0, 0, 0, 1, 0, 0, 0, 0, 1, 0, 0, 0, 0, 0, 0, 0, 0, 0, 0, 1, 1, 1, 1, 1, 1, 1, 1, 1, 1, 1, 0, 0, 0, 0, 0, 0, 0, 0, 0, 0, 0, 0, 0, 0, 0,
    0, 1, 0, 0, 0, 0, 0, 0, 0, 0, 0, 0, 0, 0, 0, 0, 0, 0, 0, 0, 0, 0, 0, 0, 0, 0, 0, 0, 1, 0, 0, 0, 0, 1, 0, 0, 0, 0, 0, 0, 0, 0, 0, 0, 0, 0, 0, 0, 0, 0, 0, 0, 0, 0, 0, 0, 0, 0, 0, 0, 0, 0, 0, 0,
    0, 0, 0, 0, 0, 0, 0, 1, 0, 0, 0, 0, 0, 0, 0, 0, 0, 0, 0, 0, 0, 0, 0, 0, 0, 0, 0, 0, 1, 1, 1, 1, 0, 0, 1, 0, 0, 0, 0, 1, 0, 0, 0, 0, 0, 0, 0, 0, 0, 0, 0, 0, 0, 0, 0, 0, 0, 0, 0, 0, 0, 0, 0, 0,
    0, 0, 0, 0, 0, 0, 0, 0, 0, 0, 0, 0, 0, 1, 0, 0, 0, 0, 0, 0, 0, 0, 0, 0, 0, 0, 0, 0, 0, 0, 0, 0, 0, 0, 1, 1, 0, 1, 0, 0, 1, 0, 0, 0, 0, 1, 0, 0, 0, 0, 0, 0, 0, 0, 0, 0, 0, 0, 0, 0, 0, 0, 0, 0,
    0, 0, 0, 0, 0, 0, 0, 0, 0, 0, 0, 0, 0, 0, 0, 0, 0, 0, 0, 1, 0, 0, 0, 0, 0, 0, 0, 0, 1, 1, 1, 1, 1, 1, 0, 0, 0, 0, 1, 1, 1, 1, 1, 1, 0, 0, 1, 1, 1, 1, 1, 1, 0, 0, 0, 0, 0, 0, 0, 0, 0, 0, 0, 0,
    0, 0, 0, 0, 0, 0, 0, 0, 0, 0, 0, 0, 0, 0, 0, 0, 0, 0, 0, 0, 0, 0, 0, 0, 0, 1, 0, 0, 0, 0, 0, 0, 0, 0, 1, 1, 1, 1, 1, 1, 0, 0, 0, 0, 0, 0, 0, 0, 0, 0, 0, 0, 1, 1, 1, 1, 1, 1, 0, 0, 0, 0, 0, 0,
    0, 0, 0, 0, 0, 0, 0, 0, 0, 0, 0, 0, 0, 0, 0, 0, 0, 0, 0, 0, 0, 0, 0, 0, 0, 0, 0, 1, 1, 1, 1, 1, 0, 0, 0, 0, 0, 0, 0, 0, 0, 0, 0, 0, 0, 0, 0, 0, 0, 0, 0, 0, 0, 0, 0, 0, 0, 0, 1, 1, 0, 0, 1, 1,
    0, 0, 0, 0, 0, 0, 0, 0, 0, 0, 0, 0, 0, 0, 0, 0, 0, 0, 0, 0, 0, 0, 0, 0, 0, 0, 0, 0, 0, 0, 0, 0, 0, 1, 0, 0, 1, 1, 0, 0, 0, 0, 0, 0, 0, 0, 0, 0, 0, 0, 0, 0, 0, 0, 0, 0, 0, 0, 0, 0, 0, 0, 0, 0,
    0, 0, 0, 0, 0, 0, 0, 0, 0, 0, 0, 0, 0, 0, 0, 0, 0, 0, 0, 0, 0, 0, 0, 0, 0, 0, 0, 0, 0, 0, 0, 0, 0, 0, 0, 0, 0, 0, 0, 1, 0, 0, 1, 1, 0, 0, 0, 0, 0, 0, 0, 0, 0, 0, 0, 0, 0, 0, 0, 0, 0, 0, 0, 0,
    0, 0, 0, 0, 0, 0, 0, 0, 0, 0, 0, 0, 0, 0, 0, 0, 0, 0, 0, 0, 0, 0, 1, 1, 1, 1, 1, 1, 1, 1, 1, 1, 1, 1, 1, 1, 1, 1, 1, 1, 1, 1, 1, 1, 1, 1, 0, 0, 1, 1, 0, 0, 0, 0, 0, 0, 0, 0, 0, 0, 0, 0, 0, 0,
    0, 0, 0, 0, 0, 0, 0, 0, 0, 0, 0, 0, 0, 0, 0, 0, 0, 0, 0, 0, 0, 0, 0, 0, 0, 0, 0, 0, 1, 0, 0, 0, 0, 0, 0, 0, 0, 0, 0, 0, 0, 0, 0, 0, 0, 0, 0, 0, 0, 0, 0, 0, 0, 0, 0, 0, 0, 0, 0, 0, 0, 0, 0, 0,
    0, 0, 0, 0, 0, 0, 0, 0, 0, 0, 0, 0, 0, 0, 0, 0, 0, 0, 0, 0, 0, 0, 0, 0, 0, 0, 0, 0, 0, 0, 0, 0, 0, 0, 1, 0, 0, 0, 0, 0, 0, 0, 0, 0, 0, 0, 0, 0, 0, 0, 0, 0, 0, 0, 0, 0, 0, 0, 0, 0, 0, 0, 0, 0,
    0, 0, 0, 0, 0, 0, 0, 0, 0, 0, 0, 0, 0, 0, 0, 0, 0, 0, 0, 0, 0, 0, 0, 0, 0, 0, 0, 0, 0, 0, 0, 0, 0, 0, 0, 0, 0, 0, 0, 0, 1, 0, 0, 0, 0, 0, 0, 0, 0, 0, 0, 0, 0, 0, 0, 0, 0, 0, 0, 0, 0, 0, 0, 0,
    0, 0, 0, 0, 0, 0, 0, 0, 0, 0, 0, 0, 0, 0, 0, 0, 0, 0, 0, 0, 0, 0, 0, 0, 0, 0, 0, 0, 0, 0, 0, 0, 0, 0, 0, 0, 0, 0, 0, 0, 0, 0, 0, 0, 0, 0, 1, 0, 0, 0, 0, 0, 0, 0, 0, 0, 0, 0, 0, 0, 0, 0, 0, 0,
    0, 0, 0, 0, 0, 0, 0, 0, 0, 0, 0, 0, 0, 0, 0, 0, 0, 0, 0, 0, 0, 0, 0, 0, 0, 0, 0, 0, 0, 0, 0, 0, 0, 0, 0, 0, 0, 0, 0, 0, 0, 0, 0, 0, 0, 0, 0, 0, 0, 0, 0, 0, 1, 0, 0, 0, 0, 0, 0, 0, 0, 0, 0, 0,
    0, 0, 0, 0, 0, 0, 0, 0, 0, 0, 0, 0, 0, 0, 0, 0, 0, 0, 0, 0, 0, 0, 0, 0, 0, 0, 0, 0, 0, 0, 0, 0, 0, 0, 0, 0, 0, 0, 0, 0, 0, 0, 0, 0, 0, 0, 0, 0, 0, 0, 0, 0, 0, 0, 0, 0, 0, 0, 1, 0, 0, 0, 0, 0,
    0, 0, 0, 0, 0, 0, 0, 0, 0, 0, 0, 0, 0, 0, 0, 0, 0, 0, 0, 0, 0, 0, 0, 0, 0, 0, 0, 0, 0, 0, 0, 0, 0, 0, 0, 0, 0, 0, 0, 0, 0, 0, 0, 0, 0, 0, 0, 0, 0, 0, 0, 0, 0, 0, 0, 0, 0, 0, 0, 0, 0, 0, 0, 0,
    1, 0, 0, 0, 0, 0, 0, 0, 0, 0, 0, 0, 0, 0, 0, 0, 0, 0, 0, 0, 0, 0, 0, 0, 0, 0, 0, 0, 0, 0, 0, 0, 0, 0, 0, 0, 0, 0, 0, 0, 0, 0, 0, 0, 0, 0, 0, 0, 0, 0, 0, 0, 0, 0, 0, 0, 0, 0, 0, 0, 0, 0, 0, 0,
    0, 0, 0, 0, 0, 0, 1, 0, 0, 0, 0, 0, 0, 0, 0, 0, 0, 0, 0, 0, 0, 0, 0, 0, 0, 0, 0, 0, 0, 0, 0, 0, 0, 0, 0, 0, 0, 0, 0, 0, 0, 0, 0, 0, 0, 0, 0, 0, 0, 0, 0, 0, 0, 0, 0, 0, 0, 0, 0, 0, 0, 0, 0, 0,
    0, 0, 0, 0, 0, 0, 0, 0, 0, 0, 0, 0, 1, 0, 0, 0, 0, 0, 0, 0, 0, 0, 0, 0, 0, 0, 0, 0, 0, 0, 0, 0, 0, 0, 0, 0, 0, 0, 0, 0, 0, 0, 0, 0, 0, 0, 0, 0, 0, 0, 0, 0, 0, 0, 0, 0, 0, 0, 0, 0, 0, 0, 0, 0,
    0, 0, 0, 0, 0, 0, 0, 0, 0, 0, 0, 0, 0, 0, 0, 0, 0, 0, 1, 0, 0, 0, 0, 0, 0, 0, 0, 0, 0, 0, 0, 0, 0, 0, 0, 0, 0, 0, 0, 0, 0, 0, 0, 0, 0, 0, 0, 0, 0, 0, 0, 0, 0, 0, 0, 0, 0, 0, 0, 0, 0, 0, 0, 0,
    0, 0, 0, 0, 0, 0, 0, 0, 0, 0, 0, 0, 0, 0, 0, 0, 0, 0, 0, 0, 0, 0, 0, 0, 1, 0, 0, 0, 0, 0, 0, 0, 0, 0, 0, 0, 0, 0, 0, 0, 0, 0, 0, 0, 0, 0, 0, 0, 0, 0, 0, 0, 0, 0, 0, 0, 0, 0, 0, 0, 0, 0, 0, 0,
    0, 0, 0, 0, 0, 0, 0, 0, 0, 0, 0, 0, 0, 0, 0, 0, 0, 0, 0, 0, 0, 0, 0, 0, 0, 0, 0, 0, 0, 0, 1, 0, 0, 0, 0, 0, 0, 0, 0, 0, 0, 0, 0, 0, 0, 0, 0, 0, 0, 0, 0, 0, 0, 0, 0, 0, 0, 0, 0, 0, 0, 0, 0, 0,
    0, 0, 0, 0, 0, 0, 0, 0, 0, 0, 0, 0, 0, 0, 0, 0, 0, 0, 0, 0, 0, 0, 0, 0, 0, 0, 0, 0, 0, 0, 0, 0, 0, 0, 0, 0,
};

static const ScriptEvent start_door0_script[3] =
{
    { SCRIPT_PLAY_SOUND, SOUND_DOOR, 0, 0, 0 },
    { SCRIPT_SWITCH_SCENE, 0, 0, 0, 0 },
    { SCRIPT_END, 0, 0, 0, 0 },
};

static const DoorDef start_doors[1] =
{
    { 44, 12, 2, 2, start_door0_script },
};

static const ScriptEvent start_npc0_script[2] =
{
    { SCRIPT_TEXT, 0, 0, 0, "Hello!" },
    { SCRIPT_END, 0, 0, 0, 0 },
};

static const NpcDef start_npcs[1] =
{
    { 112, 480, 2, 0, 1, start_npc0_script },
};

const SceneDef scene_start =
{
    .name          = "start",
    .width         = 70,
    .height        = 70,
    .tiles         = start_tiles,
    .tile_count    = 310,
    .palettes      = start_palette,
    .palette_count = 3,
    .map           = start_map,
    .collision     = start_collision,
    .player_x      = 32,
    .player_y      = 472,
    .music_track   = MOD_TEMPLATE,
    .doors         = start_doors,
    .door_count    = 1,
    .npcs          = start_npcs,
    .npc_count     = 1,
    .timers        = 0,
    .timer_count   = 0,
    .on_init       = 0,
};

const SceneDef *const scenes[SCENE_COUNT] =
{
    &scene_start,
};
